userId,type,country,orderNumber,experimentNumber,training, timestamp,x,y,events(start fixation = 1 start saccade = 2),contentType,content
12F,s,0,12,192,False,5269843,200,-68,1,none,none
12F,s,0,12,192,False,5269855,200,-67,0,none,none
12F,s,0,12,192,False,5269867,199,-67,0,none,none
12F,s,0,12,192,False,5269879,199,-69,0,none,none
12F,s,0,12,192,False,5269891,199,-66,0,none,none
12F,s,0,12,192,False,5269903,199,-66,0,none,none
12F,s,0,12,192,False,5269915,199,-66,0,none,none
12F,s,0,12,192,False,5269927,199,-69,0,none,none
12F,s,0,12,192,False,5269939,199,-68,0,none,none
12F,s,0,12,192,False,5269951,199,-68,0,none,none
12F,s,0,12,192,False,5269963,199,-68,0,none,none
12F,s,0,12,192,False,5269975,198,-67,0,none,none
12F,s,0,12,192,False,5269987,198,-65,0,none,none
12F,s,0,12,192,False,5269999,197,-65,0,none,none
12F,s,0,12,192,False,5270011,197,-65,0,none,none
12F,s,0,12,192,False,5270023,197,-65,0,none,none
12F,s,0,12,192,False,5270035,198,-65,0,none,none
12F,s,0,12,192,False,5270047,192,-43,0,none,none
12F,s,0,12,192,False,5270059,NaN,NaN,2,none,none
12F,s,0,12,192,False,5270071,NaN,NaN,0,text,para_1
12F,s,0,12,192,False,5270083,NaN,NaN,0,text,para_1
12F,s,0,12,192,False,5270095,NaN,NaN,0,text,para_1
12F,s,0,12,192,False,5270107,NaN,NaN,0,text,para_1
12F,s,0,12,192,False,5270119,178,149,1,text,para_1
12F,s,0,12,192,False,5270131,179,149,0,text,para_1
12F,s,0,12,192,False,5270143,180,149,0,text,para_1
12F,s,0,12,192,False,5270155,180,151,0,text,para_1
12F,s,0,12,192,False,5270167,181,150,0,text,para_1
12F,s,0,12,192,False,5270179,181,148,0,text,para_1
12F,s,0,12,192,False,5270191,183,147,0,text,para_1
12F,s,0,12,192,False,5270203,182,147,0,text,para_1
12F,s,0,12,192,False,5270215,182,147,0,text,para_1
12F,s,0,12,192,False,5270227,182,147,0,text,para_1
12F,s,0,12,192,False,5270239,184,147,0,text,para_1
12F,s,0,12,192,False,5270251,184,147,0,text,para_1
12F,s,0,12,192,False,5270263,184,147,0,text,para_1
12F,s,0,12,192,False,5270275,171,125,0,text,para_1
12F,s,0,12,192,False,5270287,NaN,NaN,2,text,para_1
12F,s,0,12,192,False,5270299,NaN,NaN,0,text,para_1
12F,s,0,12,192,False,5270311,NaN,NaN,0,text,para_1
12F,s,0,12,192,False,5270323,149,69,1,text,para_1
12F,s,0,12,192,False,5270335,150,69,0,text,para_1
12F,s,0,12,192,False,5270347,150,69,0,text,para_1
12F,s,0,12,192,False,5270359,149,68,0,text,para_1
12F,s,0,12,192,False,5270371,149,68,0,text,para_1
12F,s,0,12,192,False,5270383,149,67,0,text,para_1
12F,s,0,12,192,False,5270395,149,68,0,text,para_1
12F,s,0,12,192,False,5270407,149,68,0,text,para_1
12F,s,0,12,192,False,5270419,149,68,0,text,para_1
12F,s,0,12,192,False,5270431,149,68,0,text,para_1
12F,s,0,12,192,False,5270443,148,67,0,text,para_1
12F,s,0,12,192,False,5270455,148,67,0,text,para_1
12F,s,0,12,192,False,5270467,148,66,0,text,para_1
12F,s,0,12,192,False,5270479,151,66,0,text,para_1
12F,s,0,12,192,False,5270491,NaN,NaN,2,none,none
12F,s,0,12,192,False,5270503,NaN,NaN,0,text,para_1
12F,s,0,12,192,False,5270515,NaN,NaN,0,text,para_1
12F,s,0,12,192,False,5270527,NaN,NaN,0,text,para_1
12F,s,0,12,192,False,5270539,NaN,NaN,0,text,para_1
12F,s,0,12,192,False,5270551,306,68,1,text,para_1
12F,s,0,12,192,False,5270563,305,67,0,text,para_1
12F,s,0,12,192,False,5270575,307,68,0,text,para_1
12F,s,0,12,192,False,5270587,306,69,0,text,para_1
12F,s,0,12,192,False,5270599,306,69,0,text,para_1
12F,s,0,12,192,False,5270611,306,71,0,text,para_1
12F,s,0,12,192,False,5270623,307,70,0,text,para_1
12F,s,0,12,192,False,5270635,308,70,0,text,para_1
12F,s,0,12,192,False,5270647,308,70,0,text,para_1
12F,s,0,12,192,False,5270659,309,72,0,text,para_1
12F,s,0,12,192,False,5270671,310,70,0,text,para_1
12F,s,0,12,192,False,5270683,309,70,0,text,para_1
12F,s,0,12,192,False,5270695,310,67,0,text,para_1
12F,s,0,12,192,False,5270707,310,68,0,text,para_1
12F,s,0,12,192,False,5270719,296,67,0,text,para_1
12F,s,0,12,192,False,5270731,NaN,NaN,2,text,para_1
12F,s,0,12,192,False,5270743,NaN,NaN,0,text,para_1
12F,s,0,12,192,False,5270755,NaN,NaN,0,text,para_1
12F,s,0,12,192,False,5270767,275,64,1,none,none
12F,s,0,12,192,False,5270779,277,65,0,none,none
12F,s,0,12,192,False,5270791,276,65,0,none,none
12F,s,0,12,192,False,5270803,279,65,0,none,none
12F,s,0,12,192,False,5270815,279,65,0,none,none
12F,s,0,12,192,False,5270827,280,64,0,none,none
12F,s,0,12,192,False,5270839,279,63,0,none,none
12F,s,0,12,192,False,5270851,279,64,0,none,none
12F,s,0,12,192,False,5270863,279,64,0,none,none
12F,s,0,12,192,False,5270875,280,66,0,text,para_1
12F,s,0,12,192,False,5270887,281,66,0,text,para_1
12F,s,0,12,192,False,5270899,282,65,0,none,none
12F,s,0,12,192,False,5270911,318,67,0,text,para_1
12F,s,0,12,192,False,5270923,NaN,NaN,2,text,para_1
12F,s,0,12,192,False,5270935,NaN,NaN,0,text,para_1
12F,s,0,12,192,False,5270947,NaN,NaN,0,text,para_1
12F,s,0,12,192,False,5270959,380,72,1,text,para_1
12F,s,0,12,192,False,5270971,380,73,0,text,para_1
12F,s,0,12,192,False,5270983,380,71,0,text,para_1
12F,s,0,12,192,False,5270995,380,73,0,text,para_1
12F,s,0,12,192,False,5271007,380,74,0,text,para_1
12F,s,0,12,192,False,5271019,380,73,0,text,para_1
12F,s,0,12,192,False,5271031,380,73,0,text,para_1
12F,s,0,12,192,False,5271043,380,74,0,text,para_1
12F,s,0,12,192,False,5271055,380,74,0,text,para_1
12F,s,0,12,192,False,5271067,381,76,0,text,para_1
12F,s,0,12,192,False,5271079,381,76,0,text,para_1
12F,s,0,12,192,False,5271091,381,76,0,text,para_1
12F,s,0,12,192,False,5271103,381,77,0,text,para_1
12F,s,0,12,192,False,5271115,381,77,0,text,para_1
12F,s,0,12,192,False,5271127,381,76,0,text,para_1
12F,s,0,12,192,False,5271139,397,74,0,text,para_1
12F,s,0,12,192,False,5271151,NaN,NaN,2,text,para_1
12F,s,0,12,192,False,5271163,NaN,NaN,0,text,para_1
12F,s,0,12,192,False,5271175,NaN,NaN,0,text,para_1
12F,s,0,12,192,False,5271187,431,77,1,text,para_1
12F,s,0,12,192,False,5271199,431,77,0,text,para_1
12F,s,0,12,192,False,5271211,431,76,0,text,para_1
12F,s,0,12,192,False,5271223,431,77,0,text,para_1
12F,s,0,12,192,False,5271235,430,76,0,text,para_1
12F,s,0,12,192,False,5271247,429,75,0,text,para_1
12F,s,0,12,192,False,5271259,429,76,0,text,para_1
12F,s,0,12,192,False,5271271,429,76,0,text,para_1
12F,s,0,12,192,False,5271283,430,77,0,text,para_1
12F,s,0,12,192,False,5271295,429,76,0,text,para_1
12F,s,0,12,192,False,5271307,428,77,0,text,para_1
12F,s,0,12,192,False,5271319,429,77,0,text,para_1
12F,s,0,12,192,False,5271331,466,76,0,text,para_1
12F,s,0,12,192,False,5271343,NaN,NaN,2,text,para_1
12F,s,0,12,192,False,5271355,NaN,NaN,0,text,para_1
12F,s,0,12,192,False,5271367,NaN,NaN,0,text,para_1
12F,s,0,12,192,False,5271379,NaN,NaN,0,text,para_1
12F,s,0,12,192,False,5271391,573,83,1,text,para_1
12F,s,0,12,192,False,5271403,574,83,0,text,para_1
12F,s,0,12,192,False,5271415,573,82,0,text,para_1
12F,s,0,12,192,False,5271427,573,83,0,text,para_1
12F,s,0,12,192,False,5271439,574,82,0,text,para_1
12F,s,0,12,192,False,5271451,572,83,0,text,para_1
12F,s,0,12,192,False,5271463,570,84,0,text,para_1
12F,s,0,12,192,False,5271475,573,84,0,text,para_1
12F,s,0,12,192,False,5271487,571,85,0,text,para_1
12F,s,0,12,192,False,5271499,572,84,0,text,para_1
12F,s,0,12,192,False,5271511,571,84,0,text,para_1
12F,s,0,12,192,False,5271523,572,83,0,text,para_1
12F,s,0,12,192,False,5271535,571,82,0,text,para_1
12F,s,0,12,192,False,5271547,571,83,0,text,para_1
12F,s,0,12,192,False,5271559,572,83,0,text,para_1
12F,s,0,12,192,False,5271571,573,82,0,text,para_1
12F,s,0,12,192,False,5271583,571,81,0,text,para_1
12F,s,0,12,192,False,5271595,573,81,0,text,para_1
12F,s,0,12,192,False,5271607,581,77,0,text,para_1
12F,s,0,12,192,False,5271619,NaN,NaN,2,none,none
12F,s,0,12,192,False,5271631,NaN,NaN,0,none,none
12F,s,0,12,192,False,5271643,NaN,NaN,0,none,none
12F,s,0,12,192,False,5271655,NaN,NaN,0,none,none
12F,s,0,12,192,False,5271667,NaN,NaN,0,none,none
12F,s,0,12,192,False,5271679,NaN,NaN,0,none,none
12F,s,0,12,192,False,5271691,790,-46,1,none,none
12F,s,0,12,192,False,5271703,791,-46,0,none,none
12F,s,0,12,192,False,5271715,791,-47,0,none,none
12F,s,0,12,192,False,5271727,791,-47,0,none,none
12F,s,0,12,192,False,5271739,792,-48,0,none,none
12F,s,0,12,192,False,5271751,793,-48,0,none,none
12F,s,0,12,192,False,5271763,792,-48,0,none,none
12F,s,0,12,192,False,5271775,794,-48,0,none,none
12F,s,0,12,192,False,5271787,794,-47,0,none,none
12F,s,0,12,192,False,5271799,793,-47,0,none,none
12F,s,0,12,192,False,5271811,794,-48,0,none,none
12F,s,0,12,192,False,5271823,793,-47,0,none,none
12F,s,0,12,192,False,5271835,793,-47,0,none,none
12F,s,0,12,192,False,5271847,793,-47,0,none,none
12F,s,0,12,192,False,5271859,793,-46,0,none,none
12F,s,0,12,192,False,5271871,793,-45,0,none,none
12F,s,0,12,192,False,5271883,794,-46,0,none,none
12F,s,0,12,192,False,5271895,793,-45,0,none,none
12F,s,0,12,192,False,5271907,792,-85,0,none,none
12F,s,0,12,192,False,5271919,1238,45,0,none,none
12F,s,0,12,192,False,5271931,1238,45,0,none,none
12F,s,0,12,192,False,5271943,1239,46,0,none,none
12F,s,0,12,192,False,5271955,1238,45,0,none,none
12F,s,0,12,192,False,5271967,1238,46,0,none,none
12F,s,0,12,192,False,5271979,1239,46,0,none,none
12F,s,0,12,192,False,5271991,1239,48,0,none,none
12F,s,0,12,192,False,5272003,1239,47,0,none,none
12F,s,0,12,192,False,5272015,1239,48,0,none,none
12F,s,0,12,192,False,5272027,1240,48,0,none,none
12F,s,0,12,192,False,5272039,1241,49,0,none,none
12F,s,0,12,192,False,5272051,1241,49,0,none,none
12F,s,0,12,192,False,5272063,1241,49,0,none,none
12F,s,0,12,192,False,5272075,1241,49,0,none,none
12F,s,0,12,192,False,5272087,1240,50,0,none,none
12F,s,0,12,192,False,5272099,1241,50,0,none,none
12F,s,0,12,192,False,5272111,1241,50,0,none,none
12F,s,0,12,192,False,5272123,1240,51,0,none,none
12F,s,0,12,192,False,5272135,1240,51,0,none,none
12F,s,0,12,192,False,5272147,1240,52,0,none,none
12F,s,0,12,192,False,5272159,1239,52,0,none,none
12F,s,0,12,192,False,5272171,1177,52,0,none,none
12F,s,0,12,192,False,5272183,NaN,NaN,2,none,none
12F,s,0,12,192,False,5272195,NaN,NaN,0,none,none
12F,s,0,12,192,False,5272207,NaN,NaN,0,text,para_1
12F,s,0,12,192,False,5272219,NaN,NaN,0,text,para_1
12F,s,0,12,192,False,5272231,NaN,NaN,0,text,para_1
12F,s,0,12,192,False,5272243,NaN,NaN,0,text,para_1
12F,s,0,12,192,False,5272255,NaN,NaN,0,text,para_1
12F,s,0,12,192,False,5272267,607,84,1,text,para_1
12F,s,0,12,192,False,5272279,608,83,0,text,para_1
12F,s,0,12,192,False,5272291,609,83,0,text,para_1
12F,s,0,12,192,False,5272303,610,82,0,text,para_1
12F,s,0,12,192,False,5272315,609,81,0,text,para_1
12F,s,0,12,192,False,5272327,609,81,0,text,para_1
12F,s,0,12,192,False,5272339,610,80,0,text,para_1
12F,s,0,12,192,False,5272351,610,80,0,text,para_1
12F,s,0,12,192,False,5272363,610,80,0,text,para_1
12F,s,0,12,192,False,5272375,610,79,0,text,para_1
12F,s,0,12,192,False,5272387,609,79,0,text,para_1
12F,s,0,12,192,False,5272399,609,80,0,text,para_1
12F,s,0,12,192,False,5272411,609,79,0,text,para_1
12F,s,0,12,192,False,5272423,609,79,0,text,para_1
12F,s,0,12,192,False,5272435,609,79,0,text,para_1
12F,s,0,12,192,False,5272447,606,100,0,text,para_1
12F,s,0,12,192,False,5272459,NaN,NaN,2,text,para_1
12F,s,0,12,192,False,5272471,NaN,NaN,0,text,para_1
12F,s,0,12,192,False,5272483,NaN,NaN,0,text,para_1
12F,s,0,12,192,False,5272495,NaN,NaN,0,text,para_1
12F,s,0,12,192,False,5272507,NaN,NaN,0,text,para_1
12F,s,0,12,192,False,5272519,611,326,1,text,para_1
12F,s,0,12,192,False,5272531,611,326,0,text,para_1
12F,s,0,12,192,False,5272543,610,326,0,text,para_1
12F,s,0,12,192,False,5272555,610,325,0,text,para_1
12F,s,0,12,192,False,5272567,609,325,0,text,para_1
12F,s,0,12,192,False,5272579,609,326,0,text,para_1
12F,s,0,12,192,False,5272591,609,326,0,text,para_1
12F,s,0,12,192,False,5272603,609,327,0,text,para_1
12F,s,0,12,192,False,5272615,608,327,0,text,para_1
12F,s,0,12,192,False,5272627,608,327,0,text,para_1
12F,s,0,12,192,False,5272639,608,328,0,text,para_1
12F,s,0,12,192,False,5272651,608,328,0,text,para_1
12F,s,0,12,192,False,5272663,625,329,0,text,para_1
12F,s,0,12,192,False,5272675,NaN,NaN,2,none,none
12F,s,0,12,192,False,5272687,NaN,NaN,0,none,none
12F,s,0,12,192,False,5272699,NaN,NaN,0,none,none
12F,s,0,12,192,False,5272711,650,346,1,none,none
12F,s,0,12,192,False,5272723,650,347,0,none,none
12F,s,0,12,192,False,5272735,650,347,0,none,none
12F,s,0,12,192,False,5272747,650,348,0,none,none
12F,s,0,12,192,False,5272759,650,347,0,none,none
12F,s,0,12,192,False,5272771,649,347,0,none,none
12F,s,0,12,192,False,5272783,649,347,0,none,none
12F,s,0,12,192,False,5272795,649,345,0,none,none
12F,s,0,12,192,False,5272807,649,346,0,none,none
12F,s,0,12,192,False,5272819,650,346,0,none,none
12F,s,0,12,192,False,5272831,649,346,0,none,none
12F,s,0,12,192,False,5272843,650,346,0,none,none
12F,s,0,12,192,False,5272855,650,345,0,none,none
12F,s,0,12,192,False,5272867,650,343,0,none,none
12F,s,0,12,192,False,5272879,650,342,0,none,none
12F,s,0,12,192,False,5272891,651,343,0,none,none
12F,s,0,12,192,False,5272903,651,341,0,none,none
12F,s,0,12,192,False,5272915,651,342,0,none,none
12F,s,0,12,192,False,5272927,651,342,0,none,none
12F,s,0,12,192,False,5272939,651,341,0,none,none
12F,s,0,12,192,False,5272951,651,341,0,none,none
12F,s,0,12,192,False,5272963,652,341,0,none,none
12F,s,0,12,192,False,5272975,633,341,0,none,none
12F,s,0,12,192,False,5272987,NaN,NaN,2,none,none
12F,s,0,12,192,False,5272999,NaN,NaN,0,none,none
12F,s,0,12,192,False,5273011,NaN,NaN,0,none,none
12F,s,0,12,192,False,5273023,NaN,NaN,0,none,none
12F,s,0,12,192,False,5273035,NaN,NaN,0,none,none
12F,s,0,12,192,False,5273047,458,370,1,none,none
12F,s,0,12,192,False,5273059,459,369,0,none,none
12F,s,0,12,192,False,5273071,458,369,0,none,none
12F,s,0,12,192,False,5273083,459,370,0,none,none
12F,s,0,12,192,False,5273095,459,369,0,none,none
12F,s,0,12,192,False,5273107,459,369,0,none,none
12F,s,0,12,192,False,5273119,458,369,0,none,none
12F,s,0,12,192,False,5273131,459,369,0,none,none
12F,s,0,12,192,False,5273143,462,392,0,media,map01
12F,s,0,12,192,False,5273155,NaN,NaN,2,media,map01
12F,s,0,12,192,False,5273167,NaN,NaN,0,media,map01
12F,s,0,12,192,False,5273179,NaN,NaN,0,none,none
12F,s,0,12,192,False,5273191,NaN,NaN,0,none,none
12F,s,0,12,192,False,5273203,NaN,NaN,0,none,none
12F,s,0,12,192,False,5273215,NaN,NaN,0,none,none
12F,s,0,12,192,False,5273227,452,725,1,none,none
12F,s,0,12,192,False,5273239,453,722,0,none,none
12F,s,0,12,192,False,5273251,453,722,0,none,none
12F,s,0,12,192,False,5273263,453,721,0,none,none
12F,s,0,12,192,False,5273275,453,719,0,none,none
12F,s,0,12,192,False,5273287,453,719,0,none,none
12F,s,0,12,192,False,5273299,453,720,0,none,none
12F,s,0,12,192,False,5273311,453,720,0,none,none
12F,s,0,12,192,False,5273323,453,720,0,none,none
12F,s,0,12,192,False,5273335,454,720,0,none,none
12F,s,0,12,192,False,5273347,453,720,0,none,none
12F,s,0,12,192,False,5273359,453,720,0,none,none
12F,s,0,12,192,False,5273371,453,721,0,none,none
12F,s,0,12,192,False,5273383,454,721,0,none,none
12F,s,0,12,192,False,5273395,454,721,0,none,none
12F,s,0,12,192,False,5273407,454,722,0,none,none
12F,s,0,12,192,False,5273419,454,723,0,none,none
12F,s,0,12,192,False,5273431,482,723,0,none,none
12F,s,0,12,192,False,5273443,NaN,NaN,2,none,none
12F,s,0,12,192,False,5273455,NaN,NaN,0,none,none
12F,s,0,12,192,False,5273467,NaN,NaN,0,none,none
12F,s,0,12,192,False,5273479,NaN,NaN,0,none,none
12F,s,0,12,192,False,5273491,NaN,NaN,0,none,none
12F,s,0,12,192,False,5273503,NaN,NaN,0,none,none
12F,s,0,12,192,False,5273515,834,671,1,none,none
12F,s,0,12,192,False,5273527,834,671,0,none,none
12F,s,0,12,192,False,5273539,834,672,0,none,none
12F,s,0,12,192,False,5273551,833,673,0,none,none
12F,s,0,12,192,False,5273563,833,673,0,none,none
12F,s,0,12,192,False,5273575,832,673,0,none,none
12F,s,0,12,192,False,5273587,832,672,0,none,none
12F,s,0,12,192,False,5273599,833,673,0,none,none
12F,s,0,12,192,False,5273611,833,672,0,none,none
12F,s,0,12,192,False,5273623,832,672,0,none,none
12F,s,0,12,192,False,5273635,834,672,0,none,none
12F,s,0,12,192,False,5273647,825,651,0,none,none
12F,s,0,12,192,False,5273659,NaN,NaN,2,media,scotland_flag
12F,s,0,12,192,False,5273671,NaN,NaN,0,none,none
12F,s,0,12,192,False,5273683,NaN,NaN,0,none,none
12F,s,0,12,192,False,5273695,NaN,NaN,0,none,none
12F,s,0,12,192,False,5273707,NaN,NaN,0,none,none
12F,s,0,12,192,False,5273719,NaN,NaN,0,none,none
12F,s,0,12,192,False,5273731,NaN,NaN,0,none,none
12F,s,0,12,192,False,5273743,NaN,NaN,0,none,none
12F,s,0,12,192,False,5273755,NaN,NaN,0,text,para_1
12F,s,0,12,192,False,5273767,NaN,NaN,0,text,para_1
12F,s,0,12,192,False,5273779,NaN,NaN,0,text,para_1
12F,s,0,12,192,False,5273791,NaN,NaN,0,text,para_1
12F,s,0,12,192,False,5273803,610,238,1,text,para_1
12F,s,0,12,192,False,5273815,610,236,0,text,para_1
12F,s,0,12,192,False,5273827,610,233,0,text,para_1
12F,s,0,12,192,False,5273839,609,231,0,text,para_1
12F,s,0,12,192,False,5273851,609,232,0,text,para_1
12F,s,0,12,192,False,5273863,608,231,0,text,para_1
12F,s,0,12,192,False,5273875,608,230,0,text,para_1
12F,s,0,12,192,False,5273887,608,229,0,text,para_1
12F,s,0,12,192,False,5273899,608,229,0,text,para_1
12F,s,0,12,192,False,5273911,608,229,0,text,para_1
12F,s,0,12,192,False,5273923,609,228,0,text,para_1
12F,s,0,12,192,False,5273935,610,229,0,text,para_1
12F,s,0,12,192,False,5273947,610,227,0,text,para_1
12F,s,0,12,192,False,5273959,610,228,0,text,para_1
12F,s,0,12,192,False,5273971,610,227,0,text,para_1
12F,s,0,12,192,False,5273983,610,226,0,text,para_1
12F,s,0,12,192,False,5273995,610,227,0,text,para_1
12F,s,0,12,192,False,5274007,610,228,0,text,para_1
12F,s,0,12,192,False,5274019,610,226,0,text,para_1
12F,s,0,12,192,False,5274031,610,226,0,text,para_1
12F,s,0,12,192,False,5274043,610,226,0,text,para_1
12F,s,0,12,192,False,5274055,610,227,0,text,para_1
12F,s,0,12,192,False,5274067,609,229,0,text,para_1
12F,s,0,12,192,False,5274079,609,229,0,text,para_1
12F,s,0,12,192,False,5274091,608,227,0,text,para_1
12F,s,0,12,192,False,5274103,608,228,0,text,para_1
12F,s,0,12,192,False,5274115,609,228,0,text,para_1
12F,s,0,12,192,False,5274127,609,225,0,text,para_1
12F,s,0,12,192,False,5274139,609,226,0,text,para_1
12F,s,0,12,192,False,5274151,609,228,0,text,para_1
12F,s,0,12,192,False,5274163,609,228,0,text,para_1
12F,s,0,12,192,False,5274175,609,228,0,text,para_1
12F,s,0,12,192,False,5274187,609,230,0,text,para_1
12F,s,0,12,192,False,5274199,609,228,0,text,para_1
12F,s,0,12,192,False,5274211,610,229,0,text,para_1
12F,s,0,12,192,False,5274223,610,230,0,text,para_1
12F,s,0,12,192,False,5274235,610,229,0,text,para_1
12F,s,0,12,192,False,5274247,609,231,0,text,para_1
12F,s,0,12,192,False,5274259,609,233,0,text,para_1
12F,s,0,12,192,False,5274271,609,237,0,text,para_1
12F,s,0,12,192,False,5274283,602,274,0,text,para_1
12F,s,0,12,192,False,5274295,NaN,NaN,2,none,none
12F,s,0,12,192,False,5274307,NaN,NaN,0,none,none
12F,s,0,12,192,False,5274319,NaN,NaN,0,none,none
12F,s,0,12,192,False,5274331,NaN,NaN,0,none,none
12F,s,0,12,192,False,5274343,NaN,NaN,0,none,none
12F,s,0,12,192,False,5274355,NaN,NaN,0,none,none
12F,s,0,12,192,False,5274367,NaN,NaN,0,none,none
12F,s,0,12,192,False,5274379,NaN,NaN,0,none,none
12F,s,0,12,192,False,5274391,NaN,NaN,0,none,none
12F,s,0,12,192,False,5274403,NaN,NaN,0,none,none
12F,s,0,12,192,False,5274415,NaN,NaN,0,none,none
12F,s,0,12,192,False,5274427,NaN,NaN,0,text,para_1
12F,s,0,12,192,False,5274439,NaN,NaN,0,text,para_1
12F,s,0,12,192,False,5274451,NaN,NaN,0,text,para_1
12F,s,0,12,192,False,5274463,NaN,NaN,0,text,para_1
12F,s,0,12,192,False,5274475,505,237,1,text,para_1
12F,s,0,12,192,False,5274487,506,235,0,text,para_1
12F,s,0,12,192,False,5274499,507,236,0,text,para_1
12F,s,0,12,192,False,5274511,507,235,0,text,para_1
12F,s,0,12,192,False,5274523,507,234,0,text,para_1
12F,s,0,12,192,False,5274535,508,234,0,text,para_1
12F,s,0,12,192,False,5274547,509,236,0,text,para_1
12F,s,0,12,192,False,5274559,509,236,0,text,para_1
12F,s,0,12,192,False,5274571,510,237,0,text,para_1
12F,s,0,12,192,False,5274583,510,236,0,text,para_1
12F,s,0,12,192,False,5274595,511,237,0,text,para_1
12F,s,0,12,192,False,5274607,511,235,0,text,para_1
12F,s,0,12,192,False,5274619,511,237,0,text,para_1
12F,s,0,12,192,False,5274631,512,235,0,text,para_1
12F,s,0,12,192,False,5274643,512,236,0,text,para_1
12F,s,0,12,192,False,5274655,513,236,0,text,para_1
12F,s,0,12,192,False,5274667,513,237,0,text,para_1
12F,s,0,12,192,False,5274679,512,237,0,text,para_1
12F,s,0,12,192,False,5274691,512,236,0,text,para_1
12F,s,0,12,192,False,5274703,511,236,0,text,para_1
12F,s,0,12,192,False,5274715,512,235,0,text,para_1
12F,s,0,12,192,False,5274727,512,238,0,text,para_1
12F,s,0,12,192,False,5274739,562,243,0,text,para_1
12F,s,0,12,192,False,5274751,NaN,NaN,2,text,para_1
12F,s,0,12,192,False,5274763,NaN,NaN,0,text,para_1
12F,s,0,12,192,False,5274775,NaN,NaN,0,text,para_1
12F,s,0,12,192,False,5274787,NaN,NaN,0,text,para_1
12F,s,0,12,192,False,5274799,636,247,1,text,para_1
12F,s,0,12,192,False,5274811,636,247,0,text,para_1
12F,s,0,12,192,False,5274823,636,248,0,text,para_1
12F,s,0,12,192,False,5274835,637,248,0,text,para_1
12F,s,0,12,192,False,5274847,637,247,0,text,para_1
12F,s,0,12,192,False,5274859,638,249,0,text,para_1
12F,s,0,12,192,False,5274871,636,248,0,text,para_1
12F,s,0,12,192,False,5274883,636,249,0,text,para_1
12F,s,0,12,192,False,5274895,636,249,0,text,para_1
12F,s,0,12,192,False,5274907,637,247,0,text,para_1
12F,s,0,12,192,False,5274919,638,248,0,text,para_1
12F,s,0,12,192,False,5274931,638,247,0,text,para_1
12F,s,0,12,192,False,5274943,638,249,0,text,para_1
12F,s,0,12,192,False,5274955,638,249,0,text,para_1
12F,s,0,12,192,False,5274967,637,249,0,text,para_1
12F,s,0,12,192,False,5274979,638,250,0,text,para_1
12F,s,0,12,192,False,5274991,637,249,0,text,para_1
12F,s,0,12,192,False,5275003,637,249,0,text,para_1
12F,s,0,12,192,False,5275015,638,251,0,text,para_1
12F,s,0,12,192,False,5275027,639,251,0,text,para_1
12F,s,0,12,192,False,5275039,689,262,0,text,para_1
12F,s,0,12,192,False,5275051,NaN,NaN,2,text,para_1
12F,s,0,12,192,False,5275063,NaN,NaN,0,text,para_1
12F,s,0,12,192,False,5275075,NaN,NaN,0,text,para_1
12F,s,0,12,192,False,5275087,729,275,1,text,para_1
12F,s,0,12,192,False,5275099,728,273,0,text,para_1
12F,s,0,12,192,False,5275111,728,273,0,text,para_1
12F,s,0,12,192,False,5275123,729,273,0,text,para_1
12F,s,0,12,192,False,5275135,729,273,0,text,para_1
12F,s,0,12,192,False,5275147,727,272,0,text,para_1
12F,s,0,12,192,False,5275159,727,271,0,text,para_1
12F,s,0,12,192,False,5275171,728,271,0,text,para_1
12F,s,0,12,192,False,5275183,729,271,0,text,para_1
12F,s,0,12,192,False,5275195,728,271,0,text,para_1
12F,s,0,12,192,False,5275207,728,271,0,text,para_1
12F,s,0,12,192,False,5275219,728,271,0,text,para_1
12F,s,0,12,192,False,5275231,728,272,0,text,para_1
12F,s,0,12,192,False,5275243,728,271,0,text,para_1
12F,s,0,12,192,False,5275255,729,273,0,text,para_1
12F,s,0,12,192,False,5275267,720,276,0,text,para_1
12F,s,0,12,192,False,5275279,NaN,NaN,2,text,para_1
12F,s,0,12,192,False,5275291,NaN,NaN,0,text,para_1
12F,s,0,12,192,False,5275303,NaN,NaN,0,text,para_1
12F,s,0,12,192,False,5275315,682,283,1,text,para_1
12F,s,0,12,192,False,5275327,682,281,0,text,para_1
12F,s,0,12,192,False,5275339,682,282,0,text,para_1
12F,s,0,12,192,False,5275351,682,282,0,text,para_1
12F,s,0,12,192,False,5275363,682,284,0,text,para_1
12F,s,0,12,192,False,5275375,683,282,0,text,para_1
12F,s,0,12,192,False,5275387,683,281,0,text,para_1
12F,s,0,12,192,False,5275399,684,282,0,text,para_1
12F,s,0,12,192,False,5275411,684,282,0,text,para_1
12F,s,0,12,192,False,5275423,684,282,0,text,para_1
12F,s,0,12,192,False,5275435,685,283,0,text,para_1
12F,s,0,12,192,False,5275447,685,283,0,text,para_1
12F,s,0,12,192,False,5275459,685,283,0,text,para_1
12F,s,0,12,192,False,5275471,685,282,0,text,para_1
12F,s,0,12,192,False,5275483,684,282,0,text,para_1
12F,s,0,12,192,False,5275495,685,283,0,text,para_1
12F,s,0,12,192,False,5275507,685,283,0,text,para_1
12F,s,0,12,192,False,5275519,685,283,0,text,para_1
12F,s,0,12,192,False,5275531,685,281,0,text,para_1
12F,s,0,12,192,False,5275543,685,281,0,text,para_1
12F,s,0,12,192,False,5275555,686,282,0,text,para_1
12F,s,0,12,192,False,5275567,685,281,0,text,para_1
12F,s,0,12,192,False,5275579,686,282,0,text,para_1
12F,s,0,12,192,False,5275591,686,283,0,text,para_1
12F,s,0,12,192,False,5275603,686,283,0,text,para_1
12F,s,0,12,192,False,5275615,685,283,0,text,para_1
12F,s,0,12,192,False,5275627,661,290,0,text,para_1
12F,s,0,12,192,False,5275639,NaN,NaN,2,text,para_1
12F,s,0,12,192,False,5275651,NaN,NaN,0,none,none
12F,s,0,12,192,False,5275663,NaN,NaN,0,none,none
12F,s,0,12,192,False,5275675,NaN,NaN,0,none,none
12F,s,0,12,192,False,5275687,NaN,NaN,0,none,none
12F,s,0,12,192,False,5275699,552,354,1,none,none
12F,s,0,12,192,False,5275711,553,355,0,none,none
12F,s,0,12,192,False,5275723,552,355,0,none,none
12F,s,0,12,192,False,5275735,553,355,0,none,none
12F,s,0,12,192,False,5275747,553,355,0,none,none
12F,s,0,12,192,False,5275759,554,356,0,none,none
12F,s,0,12,192,False,5275771,554,355,0,none,none
12F,s,0,12,192,False,5275783,554,355,0,none,none
12F,s,0,12,192,False,5275795,554,355,0,none,none
12F,s,0,12,192,False,5275807,554,356,0,none,none
12F,s,0,12,192,False,5275819,553,356,0,none,none
12F,s,0,12,192,False,5275831,553,356,0,none,none
12F,s,0,12,192,False,5275843,553,356,0,none,none
12F,s,0,12,192,False,5275855,553,355,0,none,none
12F,s,0,12,192,False,5275867,553,355,0,none,none
12F,s,0,12,192,False,5275879,554,359,0,none,none
12F,s,0,12,192,False,5275891,NaN,NaN,2,media,map01
12F,s,0,12,192,False,5275903,NaN,NaN,0,media,map01
12F,s,0,12,192,False,5275915,NaN,NaN,0,media,map01
12F,s,0,12,192,False,5275927,NaN,NaN,0,none,none
12F,s,0,12,192,False,5275939,NaN,NaN,0,none,none
12F,s,0,12,192,False,5275951,NaN,NaN,0,none,none
12F,s,0,12,192,False,5275963,445,683,1,none,none
12F,s,0,12,192,False,5275975,446,681,0,none,none
12F,s,0,12,192,False,5275987,447,681,0,none,none
12F,s,0,12,192,False,5275999,447,681,0,none,none
12F,s,0,12,192,False,5276011,446,680,0,none,none
12F,s,0,12,192,False,5276023,447,680,0,none,none
12F,s,0,12,192,False,5276035,447,680,0,none,none
12F,s,0,12,192,False,5276047,448,680,0,none,none
12F,s,0,12,192,False,5276059,449,680,0,none,none
12F,s,0,12,192,False,5276071,448,682,0,none,none
12F,s,0,12,192,False,5276083,450,709,0,none,none
12F,s,0,12,192,False,5276095,NaN,NaN,2,none,none
12F,s,0,12,192,False,5276107,NaN,NaN,0,none,none
12F,s,0,12,192,False,5276119,453,709,1,none,none
12F,s,0,12,192,False,5276131,453,709,0,none,none
12F,s,0,12,192,False,5276143,453,709,0,none,none
12F,s,0,12,192,False,5276155,452,709,0,none,none
12F,s,0,12,192,False,5276167,452,708,0,none,none
12F,s,0,12,192,False,5276179,452,709,0,none,none
12F,s,0,12,192,False,5276191,452,707,0,none,none
12F,s,0,12,192,False,5276203,452,708,0,none,none
12F,s,0,12,192,False,5276215,451,707,0,none,none
12F,s,0,12,192,False,5276227,452,707,0,none,none
12F,s,0,12,192,False,5276239,452,708,0,none,none
12F,s,0,12,192,False,5276251,455,674,0,none,none
12F,s,0,12,192,False,5276263,NaN,NaN,2,media,map01
12F,s,0,12,192,False,5276275,NaN,NaN,0,media,map01
12F,s,0,12,192,False,5276287,NaN,NaN,0,media,map01
12F,s,0,12,192,False,5276299,NaN,NaN,0,none,none
12F,s,0,12,192,False,5276311,NaN,NaN,0,text,para_1
12F,s,0,12,192,False,5276323,NaN,NaN,0,text,para_1
12F,s,0,12,192,False,5276335,NaN,NaN,0,text,para_1
12F,s,0,12,192,False,5276347,NaN,NaN,0,text,para_1
12F,s,0,12,192,False,5276359,553,297,1,text,para_1
12F,s,0,12,192,False,5276371,554,293,0,text,para_1
12F,s,0,12,192,False,5276383,554,295,0,text,para_1
12F,s,0,12,192,False,5276395,553,293,0,text,para_1
12F,s,0,12,192,False,5276407,554,294,0,text,para_1
12F,s,0,12,192,False,5276419,554,294,0,text,para_1
12F,s,0,12,192,False,5276431,554,295,0,text,para_1
12F,s,0,12,192,False,5276443,554,295,0,text,para_1
12F,s,0,12,192,False,5276455,555,295,0,text,para_1
12F,s,0,12,192,False,5276467,555,294,0,text,para_1
12F,s,0,12,192,False,5276479,555,296,0,text,para_1
12F,s,0,12,192,False,5276491,555,294,0,text,para_1
12F,s,0,12,192,False,5276503,555,293,0,text,para_1
12F,s,0,12,192,False,5276515,555,295,0,text,para_1
12F,s,0,12,192,False,5276527,588,289,0,text,para_1
12F,s,0,12,192,False,5276539,NaN,NaN,2,text,para_1
12F,s,0,12,192,False,5276551,NaN,NaN,0,text,para_1
12F,s,0,12,192,False,5276563,NaN,NaN,0,text,para_1
12F,s,0,12,192,False,5276575,NaN,NaN,0,text,para_1
12F,s,0,12,192,False,5276587,674,286,1,text,para_1
12F,s,0,12,192,False,5276599,674,285,0,text,para_1
12F,s,0,12,192,False,5276611,674,284,0,text,para_1
12F,s,0,12,192,False,5276623,674,285,0,text,para_1
12F,s,0,12,192,False,5276635,674,284,0,text,para_1
12F,s,0,12,192,False,5276647,674,286,0,text,para_1
12F,s,0,12,192,False,5276659,673,284,0,text,para_1
12F,s,0,12,192,False,5276671,673,286,0,text,para_1
12F,s,0,12,192,False,5276683,673,285,0,text,para_1
12F,s,0,12,192,False,5276695,673,285,0,text,para_1
12F,s,0,12,192,False,5276707,673,285,0,text,para_1
12F,s,0,12,192,False,5276719,673,287,0,text,para_1
12F,s,0,12,192,False,5276731,696,286,0,text,para_1
12F,s,0,12,192,False,5276743,NaN,NaN,2,text,para_1
12F,s,0,12,192,False,5276755,NaN,NaN,0,text,para_1
12F,s,0,12,192,False,5276767,NaN,NaN,0,text,para_1
12F,s,0,12,192,False,5276779,NaN,NaN,0,text,para_1
12F,s,0,12,192,False,5276791,NaN,NaN,0,text,para_1
12F,s,0,12,192,False,5276803,819,285,1,text,para_1
12F,s,0,12,192,False,5276815,818,284,0,text,para_1
12F,s,0,12,192,False,5276827,819,284,0,text,para_1
12F,s,0,12,192,False,5276839,818,284,0,text,para_1
12F,s,0,12,192,False,5276851,818,285,0,text,para_1
12F,s,0,12,192,False,5276863,818,285,0,text,para_1
12F,s,0,12,192,False,5276875,818,285,0,text,para_1
12F,s,0,12,192,False,5276887,817,284,0,text,para_1
12F,s,0,12,192,False,5276899,817,285,0,text,para_1
12F,s,0,12,192,False,5276911,818,285,0,text,para_1
12F,s,0,12,192,False,5276923,818,286,0,text,para_1
12F,s,0,12,192,False,5276935,817,286,0,text,para_1
12F,s,0,12,192,False,5276947,818,286,0,text,para_1
12F,s,0,12,192,False,5276959,818,287,0,text,para_1
12F,s,0,12,192,False,5276971,818,287,0,text,para_1
12F,s,0,12,192,False,5276983,819,288,0,text,para_1
12F,s,0,12,192,False,5276995,819,288,0,text,para_1
12F,s,0,12,192,False,5277007,806,289,0,text,para_1
12F,s,0,12,192,False,5277019,NaN,NaN,2,text,para_1
12F,s,0,12,192,False,5277031,NaN,NaN,0,text,para_1
12F,s,0,12,192,False,5277043,NaN,NaN,0,text,para_1
12F,s,0,12,192,False,5277055,NaN,NaN,0,text,para_1
12F,s,0,12,192,False,5277067,NaN,NaN,0,text,para_1
12F,s,0,12,192,False,5277079,NaN,NaN,0,text,para_1
12F,s,0,12,192,False,5277091,515,320,1,text,para_1
12F,s,0,12,192,False,5277103,517,321,0,text,para_1
12F,s,0,12,192,False,5277115,516,320,0,text,para_1
12F,s,0,12,192,False,5277127,517,321,0,text,para_1
12F,s,0,12,192,False,5277139,517,321,0,text,para_1
12F,s,0,12,192,False,5277151,518,320,0,text,para_1
12F,s,0,12,192,False,5277163,518,321,0,text,para_1
12F,s,0,12,192,False,5277175,519,320,0,text,para_1
12F,s,0,12,192,False,5277187,518,320,0,text,para_1
12F,s,0,12,192,False,5277199,510,322,0,text,para_1
12F,s,0,12,192,False,5277211,NaN,NaN,2,text,para_1
12F,s,0,12,192,False,5277223,NaN,NaN,0,none,none
12F,s,0,12,192,False,5277235,NaN,NaN,0,none,none
12F,s,0,12,192,False,5277247,NaN,NaN,0,none,none
12F,s,0,12,192,False,5277259,NaN,NaN,0,none,none
12F,s,0,12,192,False,5277271,401,333,1,none,none
12F,s,0,12,192,False,5277283,402,333,0,none,none
12F,s,0,12,192,False,5277295,402,334,0,none,none
12F,s,0,12,192,False,5277307,402,334,0,none,none
12F,s,0,12,192,False,5277319,402,334,0,none,none
12F,s,0,12,192,False,5277331,403,335,0,none,none
12F,s,0,12,192,False,5277343,403,336,0,none,none
12F,s,0,12,192,False,5277355,404,336,0,none,none
12F,s,0,12,192,False,5277367,403,335,0,none,none
12F,s,0,12,192,False,5277379,404,336,0,none,none
12F,s,0,12,192,False,5277391,NaN,NaN,2,none,none
12F,s,0,12,192,False,5277403,NaN,NaN,0,text,para_1
12F,s,0,12,192,False,5277415,NaN,NaN,0,none,none
12F,s,0,12,192,False,5277427,NaN,NaN,0,none,none
12F,s,0,12,192,False,5277439,NaN,NaN,0,none,none
12F,s,0,12,192,False,5277451,634,352,1,none,none
12F,s,0,12,192,False,5277463,634,352,0,none,none
12F,s,0,12,192,False,5277475,635,352,0,none,none
12F,s,0,12,192,False,5277487,634,351,0,none,none
12F,s,0,12,192,False,5277499,634,383,0,none,none
12F,s,0,12,192,False,5277511,634,380,0,none,none
12F,s,0,12,192,False,5277523,633,380,0,none,none
12F,s,0,12,192,False,5277535,632,414,0,media,map01
12F,s,0,12,192,False,5277547,632,412,0,media,map01
12F,s,0,12,192,False,5277559,632,413,0,media,map01
12F,s,0,12,192,False,5277571,631,412,0,media,map01
12F,s,0,12,192,False,5277583,632,445,0,media,map01
12F,s,0,12,192,False,5277595,632,446,0,media,map01
12F,s,0,12,192,False,5277607,632,444,0,media,map01
12F,s,0,12,192,False,5277619,632,446,0,media,map01
12F,s,0,12,192,False,5277631,632,477,0,media,map01
12F,s,0,12,192,False,5277643,632,476,0,media,map01
12F,s,0,12,192,False,5277655,632,475,0,media,map01
12F,s,0,12,192,False,5277667,632,474,0,media,map01
12F,s,0,12,192,False,5277679,633,474,0,media,map01
12F,s,0,12,192,False,5277691,633,473,0,media,map01
12F,s,0,12,192,False,5277703,626,482,0,media,map01
12F,s,0,12,192,False,5277715,NaN,NaN,2,media,map01
12F,s,0,12,192,False,5277727,NaN,NaN,0,none,none
12F,s,0,12,192,False,5277739,NaN,NaN,0,none,none
12F,s,0,12,192,False,5277751,NaN,NaN,0,none,none
12F,s,0,12,192,False,5277763,NaN,NaN,0,none,none
12F,s,0,12,192,False,5277775,NaN,NaN,0,none,none
12F,s,0,12,192,False,5277787,465,717,1,none,none
12F,s,0,12,192,False,5277799,465,717,0,none,none
12F,s,0,12,192,False,5277811,466,715,0,none,none
12F,s,0,12,192,False,5277823,465,714,0,none,none
12F,s,0,12,192,False,5277835,466,715,0,none,none
12F,s,0,12,192,False,5277847,467,714,0,none,none
12F,s,0,12,192,False,5277859,467,714,0,none,none
12F,s,0,12,192,False,5277871,467,715,0,none,none
12F,s,0,12,192,False,5277883,467,714,0,none,none
12F,s,0,12,192,False,5277895,458,723,0,none,none
12F,s,0,12,192,False,5277907,NaN,NaN,2,text,para_2
12F,s,0,12,192,False,5277919,NaN,NaN,0,text,para_2
12F,s,0,12,192,False,5277931,NaN,NaN,0,text,para_2
12F,s,0,12,192,False,5277943,NaN,NaN,0,text,para_2
12F,s,0,12,192,False,5277955,407,799,1,text,para_2
12F,s,0,12,192,False,5277967,406,798,0,text,para_2
12F,s,0,12,192,False,5277979,406,799,0,text,para_2
12F,s,0,12,192,False,5277991,406,799,0,text,para_2
12F,s,0,12,192,False,5278003,407,799,0,text,para_2
12F,s,0,12,192,False,5278015,407,801,0,text,para_2
12F,s,0,12,192,False,5278027,407,801,0,text,para_2
12F,s,0,12,192,False,5278039,407,800,0,text,para_2
12F,s,0,12,192,False,5278051,406,800,0,text,para_2
12F,s,0,12,192,False,5278063,407,801,0,text,para_2
12F,s,0,12,192,False,5278075,407,801,0,text,para_2
12F,s,0,12,192,False,5278087,407,801,0,text,para_2
12F,s,0,12,192,False,5278099,406,801,0,text,para_2
12F,s,0,12,192,False,5278111,406,801,0,text,para_2
12F,s,0,12,192,False,5278123,407,801,0,text,para_2
12F,s,0,12,192,False,5278135,407,801,0,text,para_2
12F,s,0,12,192,False,5278147,414,805,0,text,para_2
12F,s,0,12,192,False,5278159,NaN,NaN,2,text,para_2
12F,s,0,12,192,False,5278171,NaN,NaN,0,text,para_2
12F,s,0,12,192,False,5278183,NaN,NaN,0,text,para_2
12F,s,0,12,192,False,5278195,NaN,NaN,0,text,para_2
12F,s,0,12,192,False,5278207,NaN,NaN,0,text,para_2
12F,s,0,12,192,False,5278219,585,802,1,text,para_2
12F,s,0,12,192,False,5278231,585,801,0,text,para_2
12F,s,0,12,192,False,5278243,585,802,0,text,para_2
12F,s,0,12,192,False,5278255,585,802,0,text,para_2
12F,s,0,12,192,False,5278267,585,801,0,text,para_2
12F,s,0,12,192,False,5278279,585,801,0,text,para_2
12F,s,0,12,192,False,5278291,585,801,0,text,para_2
12F,s,0,12,192,False,5278303,586,803,0,text,para_2
12F,s,0,12,192,False,5278315,586,835,0,text,para_2
12F,s,0,12,192,False,5278327,586,869,0,text,para_2
12F,s,0,12,192,False,5278339,587,868,0,text,para_2
12F,s,0,12,192,False,5278351,587,902,0,text,para_2
12F,s,0,12,192,False,5278363,587,900,0,text,para_2
12F,s,0,12,192,False,5278375,588,901,0,text,para_2
12F,s,0,12,192,False,5278387,588,932,0,text,para_2
12F,s,0,12,192,False,5278399,588,964,0,text,para_2
12F,s,0,12,192,False,5278411,589,997,0,text,para_2
12F,s,0,12,192,False,5278423,589,996,0,text,para_2
12F,s,0,12,192,False,5278435,590,993,0,text,para_2
12F,s,0,12,192,False,5278447,591,1024,0,text,para_2
12F,s,0,12,192,False,5278459,591,1022,0,text,para_2
12F,s,0,12,192,False,5278471,591,1019,0,text,para_2
12F,s,0,12,192,False,5278483,591,1017,0,text,para_2
12F,s,0,12,192,False,5278495,592,1015,0,text,para_2
12F,s,0,12,192,False,5278507,592,1014,0,text,para_2
12F,s,0,12,192,False,5278519,590,1012,0,text,para_2
12F,s,0,12,192,False,5278531,590,1011,0,text,para_2
12F,s,0,12,192,False,5278543,591,1011,0,text,para_2
12F,s,0,12,192,False,5278555,591,1010,0,text,para_2
12F,s,0,12,192,False,5278567,591,1010,0,text,para_2
12F,s,0,12,192,False,5278579,598,965,0,text,para_2
12F,s,0,12,192,False,5278591,NaN,NaN,2,text,para_2
12F,s,0,12,192,False,5278603,NaN,NaN,0,text,para_2
12F,s,0,12,192,False,5278615,NaN,NaN,0,text,para_2
12F,s,0,12,192,False,5278627,NaN,NaN,0,text,para_2
12F,s,0,12,192,False,5278639,NaN,NaN,0,text,para_2
12F,s,0,12,192,False,5278651,625,779,1,text,para_2
12F,s,0,12,192,False,5278663,624,780,0,text,para_2
12F,s,0,12,192,False,5278675,625,780,0,text,para_2
12F,s,0,12,192,False,5278687,625,780,0,text,para_2
12F,s,0,12,192,False,5278699,625,779,0,text,para_2
12F,s,0,12,192,False,5278711,625,781,0,text,para_2
12F,s,0,12,192,False,5278723,625,780,0,text,para_2
12F,s,0,12,192,False,5278735,626,780,0,text,para_2
12F,s,0,12,192,False,5278747,626,779,0,text,para_2
12F,s,0,12,192,False,5278759,629,787,0,text,para_2
12F,s,0,12,192,False,5278771,NaN,NaN,2,text,para_2
12F,s,0,12,192,False,5278783,NaN,NaN,0,none,none
12F,s,0,12,192,False,5278795,NaN,NaN,0,none,none
12F,s,0,12,192,False,5278807,NaN,NaN,0,none,none
12F,s,0,12,192,False,5278819,NaN,NaN,0,none,none
12F,s,0,12,192,False,5278831,NaN,NaN,0,none,none
12F,s,0,12,192,False,5278843,NaN,NaN,0,none,none
12F,s,0,12,192,False,5278855,NaN,NaN,0,none,none
12F,s,0,12,192,False,5278867,NaN,NaN,0,text,para_2
12F,s,0,12,192,False,5278879,NaN,NaN,0,text,para_2
12F,s,0,12,192,False,5278891,NaN,NaN,0,text,para_2
12F,s,0,12,192,False,5278903,NaN,NaN,0,text,para_2
12F,s,0,12,192,False,5278915,NaN,NaN,0,text,para_2
12F,s,0,12,192,False,5278927,NaN,NaN,0,text,para_2
12F,s,0,12,192,False,5278939,NaN,NaN,0,text,para_2
12F,s,0,12,192,False,5278951,NaN,NaN,0,text,para_2
12F,s,0,12,192,False,5278963,824,902,1,text,para_2
12F,s,0,12,192,False,5278975,823,901,0,text,para_2
12F,s,0,12,192,False,5278987,823,964,0,text,para_2
12F,s,0,12,192,False,5278999,824,967,0,text,para_2
12F,s,0,12,192,False,5279011,824,997,0,text,para_2
12F,s,0,12,192,False,5279023,823,997,0,text,para_2
12F,s,0,12,192,False,5279035,823,994,0,text,para_2
12F,s,0,12,192,False,5279047,823,991,0,text,para_2
12F,s,0,12,192,False,5279059,822,989,0,text,para_2
12F,s,0,12,192,False,5279071,822,988,0,text,para_2
12F,s,0,12,192,False,5279083,822,986,0,text,para_2
12F,s,0,12,192,False,5279095,821,987,0,text,para_2
12F,s,0,12,192,False,5279107,822,986,0,text,para_2
12F,s,0,12,192,False,5279119,822,986,0,text,para_2
12F,s,0,12,192,False,5279131,821,985,0,text,para_2
12F,s,0,12,192,False,5279143,821,985,0,text,para_2
12F,s,0,12,192,False,5279155,821,984,0,text,para_2
12F,s,0,12,192,False,5279167,821,984,0,text,para_2
12F,s,0,12,192,False,5279179,821,985,0,text,para_2
12F,s,0,12,192,False,5279191,821,984,0,text,para_2
12F,s,0,12,192,False,5279203,821,983,0,text,para_2
12F,s,0,12,192,False,5279215,822,987,0,text,para_2
12F,s,0,12,192,False,5279227,789,1020,0,text,para_2
12F,s,0,12,192,False,5279239,NaN,NaN,2,text,para_2
12F,s,0,12,192,False,5279251,NaN,NaN,0,text,para_2
12F,s,0,12,192,False,5279263,NaN,NaN,0,text,para_2
12F,s,0,12,192,False,5279275,762,1062,1,text,para_2
12F,s,0,12,192,False,5279287,763,1062,0,text,para_2
12F,s,0,12,192,False,5279299,763,1064,0,text,para_2
12F,s,0,12,192,False,5279311,762,1064,0,text,para_2
12F,s,0,12,192,False,5279323,762,1065,0,text,para_2
12F,s,0,12,192,False,5279335,762,1064,0,text,para_2
12F,s,0,12,192,False,5279347,762,1065,0,text,para_2
12F,s,0,12,192,False,5279359,762,1064,0,text,para_2
12F,s,0,12,192,False,5279371,763,1065,0,text,para_2
12F,s,0,12,192,False,5279383,762,1064,0,text,para_2
12F,s,0,12,192,False,5279395,762,1064,0,text,para_2
12F,s,0,12,192,False,5279407,774,1083,0,text,para_2
12F,s,0,12,192,False,5279419,NaN,NaN,2,text,para_2
12F,s,0,12,192,False,5279431,NaN,NaN,0,text,para_2
12F,s,0,12,192,False,5279443,NaN,NaN,0,text,para_2
12F,s,0,12,192,False,5279455,775,1099,1,text,para_2
12F,s,0,12,192,False,5279467,775,1098,0,text,para_2
12F,s,0,12,192,False,5279479,776,1099,0,text,para_2
12F,s,0,12,192,False,5279491,776,1100,0,text,para_2
12F,s,0,12,192,False,5279503,776,1099,0,text,para_2
12F,s,0,12,192,False,5279515,776,1132,0,none,none
12F,s,0,12,192,False,5279527,776,1132,0,none,none
12F,s,0,12,192,False,5279539,776,1132,0,none,none
12F,s,0,12,192,False,5279551,777,1132,0,none,none
12F,s,0,12,192,False,5279563,823,1139,0,none,none
12F,s,0,12,192,False,5279575,NaN,NaN,2,none,none
12F,s,0,12,192,False,5279587,NaN,NaN,0,media,Glasgow
12F,s,0,12,192,False,5279599,NaN,NaN,0,media,Glasgow
12F,s,0,12,192,False,5279611,871,1212,1,media,Glasgow
12F,s,0,12,192,False,5279623,872,1212,0,media,Glasgow
12F,s,0,12,192,False,5279635,872,1243,0,media,Glasgow
12F,s,0,12,192,False,5279647,872,1276,0,media,Glasgow
12F,s,0,12,192,False,5279659,871,1274,0,media,Glasgow
12F,s,0,12,192,False,5279671,871,1340,0,media,Glasgow
12F,s,0,12,192,False,5279683,871,1338,0,media,Glasgow
12F,s,0,12,192,False,5279695,871,1337,0,media,Glasgow
12F,s,0,12,192,False,5279707,871,1368,0,none,none
12F,s,0,12,192,False,5279719,870,1370,0,none,none
12F,s,0,12,192,False,5279731,869,1367,0,none,none
12F,s,0,12,192,False,5279743,869,1364,0,none,none
12F,s,0,12,192,False,5279755,869,1364,0,none,none
12F,s,0,12,192,False,5279767,868,1362,0,none,none
12F,s,0,12,192,False,5279779,867,1361,0,none,none
12F,s,0,12,192,False,5279791,867,1360,0,none,none
12F,s,0,12,192,False,5279803,867,1359,0,media,Glasgow
12F,s,0,12,192,False,5279815,867,1359,0,media,Glasgow
12F,s,0,12,192,False,5279827,868,1358,0,media,Glasgow
12F,s,0,12,192,False,5279839,868,1357,0,media,Glasgow
12F,s,0,12,192,False,5279851,868,1357,0,media,Glasgow
12F,s,0,12,192,False,5279863,868,1357,0,media,Glasgow
12F,s,0,12,192,False,5279875,851,1371,0,none,none
12F,s,0,12,192,False,5279887,NaN,NaN,2,none,none
12F,s,0,12,192,False,5279899,NaN,NaN,0,none,none
12F,s,0,12,192,False,5279911,NaN,NaN,0,none,none
12F,s,0,12,192,False,5279923,805,1403,1,none,none
12F,s,0,12,192,False,5279935,806,1404,0,none,none
12F,s,0,12,192,False,5279947,806,1403,0,none,none
12F,s,0,12,192,False,5279959,807,1403,0,none,none
12F,s,0,12,192,False,5279971,807,1403,0,none,none
12F,s,0,12,192,False,5279983,808,1402,0,none,none
12F,s,0,12,192,False,5279995,808,1402,0,none,none
12F,s,0,12,192,False,5280007,808,1401,0,none,none
12F,s,0,12,192,False,5280019,806,1402,0,none,none
12F,s,0,12,192,False,5280031,NaN,NaN,2,none,none
12F,s,0,12,192,False,5280043,NaN,NaN,0,none,none
12F,s,0,12,192,False,5280055,NaN,NaN,0,none,none
12F,s,0,12,192,False,5280067,NaN,NaN,0,none,none
12F,s,0,12,192,False,5280079,NaN,NaN,0,none,none
12F,s,0,12,192,False,5280091,NaN,NaN,0,none,none
12F,s,0,12,192,False,5280103,NaN,NaN,0,none,none
12F,s,0,12,192,False,5280115,454,1418,1,none,none
12F,s,0,12,192,False,5280127,454,1417,0,none,none
12F,s,0,12,192,False,5280139,454,1417,0,none,none
12F,s,0,12,192,False,5280151,454,1418,0,none,none
12F,s,0,12,192,False,5280163,455,1417,0,none,none
12F,s,0,12,192,False,5280175,455,1417,0,none,none
12F,s,0,12,192,False,5280187,456,1416,0,none,none
12F,s,0,12,192,False,5280199,455,1416,0,none,none
12F,s,0,12,192,False,5280211,455,1416,0,none,none
12F,s,0,12,192,False,5280223,456,1417,0,none,none
12F,s,0,12,192,False,5280235,440,1413,0,none,none
12F,s,0,12,192,False,5280247,NaN,NaN,2,none,none
12F,s,0,12,192,False,5280259,NaN,NaN,0,none,none
12F,s,0,12,192,False,5280271,NaN,NaN,0,none,none
12F,s,0,12,192,False,5280283,419,1478,1,media,Aberdeen
12F,s,0,12,192,False,5280295,419,1512,0,media,Aberdeen
12F,s,0,12,192,False,5280307,419,1511,0,media,Aberdeen
12F,s,0,12,192,False,5280319,419,1578,0,media,Aberdeen
12F,s,0,12,192,False,5280331,420,1577,0,media,Aberdeen
12F,s,0,12,192,False,5280343,420,1610,0,media,Aberdeen
12F,s,0,12,192,False,5280355,420,1609,0,media,Aberdeen
12F,s,0,12,192,False,5280367,420,1643,0,media,Aberdeen
12F,s,0,12,192,False,5280379,421,1640,0,media,Aberdeen
12F,s,0,12,192,False,5280391,421,1639,0,media,Aberdeen
12F,s,0,12,192,False,5280403,421,1637,0,media,Aberdeen
12F,s,0,12,192,False,5280415,422,1636,0,media,Aberdeen
12F,s,0,12,192,False,5280427,422,1635,0,media,Aberdeen
12F,s,0,12,192,False,5280439,422,1635,0,media,Aberdeen
12F,s,0,12,192,False,5280451,422,1633,0,media,Aberdeen
12F,s,0,12,192,False,5280463,423,1634,0,media,Aberdeen
12F,s,0,12,192,False,5280475,423,1632,0,media,Aberdeen
12F,s,0,12,192,False,5280487,423,1632,0,media,Aberdeen
12F,s,0,12,192,False,5280499,423,1633,0,media,Aberdeen
12F,s,0,12,192,False,5280511,424,1632,0,media,Aberdeen
12F,s,0,12,192,False,5280523,425,1661,0,none,none
12F,s,0,12,192,False,5280535,NaN,NaN,2,none,none
12F,s,0,12,192,False,5280547,NaN,NaN,0,none,none
12F,s,0,12,192,False,5280559,NaN,NaN,0,none,none
12F,s,0,12,192,False,5280571,432,1732,1,none,none
12F,s,0,12,192,False,5280583,433,1733,0,none,none
12F,s,0,12,192,False,5280595,433,1731,0,none,none
12F,s,0,12,192,False,5280607,434,1733,0,none,none
12F,s,0,12,192,False,5280619,434,1732,0,none,none
12F,s,0,12,192,False,5280631,433,1733,0,none,none
12F,s,0,12,192,False,5280643,433,1731,0,none,none
12F,s,0,12,192,False,5280655,433,1731,0,none,none
12F,s,0,12,192,False,5280667,433,1732,0,none,none
12F,s,0,12,192,False,5280679,433,1732,0,none,none
12F,s,0,12,192,False,5280691,433,1733,0,none,none
12F,s,0,12,192,False,5280703,433,1732,0,none,none
12F,s,0,12,192,False,5280715,421,1760,0,none,none
12F,s,0,12,192,False,5280727,NaN,NaN,2,text,para_3
12F,s,0,12,192,False,5280739,NaN,NaN,0,text,para_3
12F,s,0,12,192,False,5280751,NaN,NaN,0,text,para_3
12F,s,0,12,192,False,5280763,NaN,NaN,0,text,para_3
12F,s,0,12,192,False,5280775,410,1843,1,text,para_3
12F,s,0,12,192,False,5280787,410,1843,0,text,para_3
12F,s,0,12,192,False,5280799,411,1876,0,text,para_3
12F,s,0,12,192,False,5280811,411,1875,0,text,para_3
12F,s,0,12,192,False,5280823,412,1875,0,text,para_3
12F,s,0,12,192,False,5280835,411,1908,0,text,para_3
12F,s,0,12,192,False,5280847,411,1942,0,text,para_3
12F,s,0,12,192,False,5280859,411,2007,0,text,para_3
12F,s,0,12,192,False,5280871,411,2007,0,text,para_3
12F,s,0,12,192,False,5280883,412,2042,0,text,para_3
12F,s,0,12,192,False,5280895,412,2074,0,text,para_3
12F,s,0,12,192,False,5280907,412,2073,0,text,para_3
12F,s,0,12,192,False,5280919,412,2071,0,text,para_3
12F,s,0,12,192,False,5280931,412,2069,0,text,para_3
12F,s,0,12,192,False,5280943,412,2101,0,text,para_3
12F,s,0,12,192,False,5280955,411,2100,0,text,para_3
12F,s,0,12,192,False,5280967,412,2099,0,text,para_3
12F,s,0,12,192,False,5280979,412,2098,0,text,para_3
12F,s,0,12,192,False,5280991,414,2091,0,text,para_3
12F,s,0,12,192,False,5281003,NaN,NaN,2,text,para_3
12F,s,0,12,192,False,5281015,NaN,NaN,0,text,para_3
12F,s,0,12,192,False,5281027,NaN,NaN,0,text,para_3
12F,s,0,12,192,False,5281039,NaN,NaN,0,text,para_3
12F,s,0,12,192,False,5281051,NaN,NaN,0,text,para_3
12F,s,0,12,192,False,5281063,NaN,NaN,0,text,para_3
12F,s,0,12,192,False,5281075,506,1909,1,text,para_3
12F,s,0,12,192,False,5281087,505,1909,0,text,para_3
12F,s,0,12,192,False,5281099,505,1909,0,text,para_3
12F,s,0,12,192,False,5281111,505,1909,0,text,para_3
12F,s,0,12,192,False,5281123,504,1909,0,text,para_3
12F,s,0,12,192,False,5281135,505,1908,0,text,para_3
12F,s,0,12,192,False,5281147,504,1908,0,text,para_3
12F,s,0,12,192,False,5281159,504,1908,0,text,para_3
12F,s,0,12,192,False,5281171,505,1907,0,text,para_3
12F,s,0,12,192,False,5281183,505,1906,0,text,para_3
12F,s,0,12,192,False,5281195,505,1905,0,text,para_3
12F,s,0,12,192,False,5281207,506,1905,0,text,para_3
12F,s,0,12,192,False,5281219,507,1904,0,text,para_3
12F,s,0,12,192,False,5281231,506,1903,0,text,para_3
12F,s,0,12,192,False,5281243,506,1903,0,text,para_3
12F,s,0,12,192,False,5281255,506,1904,0,text,para_3
12F,s,0,12,192,False,5281267,506,1903,0,text,para_3
12F,s,0,12,192,False,5281279,501,1899,0,text,para_3
12F,s,0,12,192,False,5281291,NaN,NaN,2,text,para_3
12F,s,0,12,192,False,5281303,NaN,NaN,0,text,para_3
12F,s,0,12,192,False,5281315,NaN,NaN,0,text,para_3
12F,s,0,12,192,False,5281327,489,1893,1,text,para_3
12F,s,0,12,192,False,5281339,488,1892,0,text,para_3
12F,s,0,12,192,False,5281351,489,1894,0,text,para_3
12F,s,0,12,192,False,5281363,489,1893,0,text,para_3
12F,s,0,12,192,False,5281375,488,1893,0,text,para_3
12F,s,0,12,192,False,5281387,488,1892,0,text,para_3
12F,s,0,12,192,False,5281399,489,1892,0,text,para_3
12F,s,0,12,192,False,5281411,489,1891,0,text,para_3
12F,s,0,12,192,False,5281423,490,1891,0,text,para_3
12F,s,0,12,192,False,5281435,NaN,NaN,2,text,para_3
12F,s,0,12,192,False,5281447,NaN,NaN,0,text,para_3
12F,s,0,12,192,False,5281459,NaN,NaN,0,text,para_3
12F,s,0,12,192,False,5281471,NaN,NaN,0,text,para_3
12F,s,0,12,192,False,5281483,609,1882,1,text,para_3
12F,s,0,12,192,False,5281495,609,1883,0,text,para_3
12F,s,0,12,192,False,5281507,609,1885,0,text,para_3
12F,s,0,12,192,False,5281519,608,1886,0,text,para_3
12F,s,0,12,192,False,5281531,608,1883,0,text,para_3
12F,s,0,12,192,False,5281543,608,1884,0,text,para_3
12F,s,0,12,192,False,5281555,608,1883,0,text,para_3
12F,s,0,12,192,False,5281567,608,1882,0,text,para_3
12F,s,0,12,192,False,5281579,607,1880,0,text,para_3
12F,s,0,12,192,False,5281591,607,1882,0,text,para_3
12F,s,0,12,192,False,5281603,608,1883,0,text,para_3
12F,s,0,12,192,False,5281615,608,1884,0,text,para_3
12F,s,0,12,192,False,5281627,608,1883,0,text,para_3
12F,s,0,12,192,False,5281639,607,1883,0,text,para_3
12F,s,0,12,192,False,5281651,607,1883,0,text,para_3
12F,s,0,12,192,False,5281663,608,1883,0,text,para_3
12F,s,0,12,192,False,5281675,607,1883,0,text,para_3
12F,s,0,12,192,False,5281687,608,1919,0,text,para_3
12F,s,0,12,192,False,5281699,655,1918,0,text,para_3
12F,s,0,12,192,False,5281711,NaN,NaN,2,text,para_3
12F,s,0,12,192,False,5281723,NaN,NaN,0,text,para_3
12F,s,0,12,192,False,5281735,NaN,NaN,0,text,para_3
12F,s,0,12,192,False,5281747,724,2044,1,text,para_3
12F,s,0,12,192,False,5281759,724,2077,0,text,para_3
12F,s,0,12,192,False,5281771,723,2076,0,text,para_3
12F,s,0,12,192,False,5281783,723,2109,0,text,para_3
12F,s,0,12,192,False,5281795,723,2108,0,text,para_3
12F,s,0,12,192,False,5281807,723,2107,0,text,para_3
12F,s,0,12,192,False,5281819,722,2107,0,text,para_3
12F,s,0,12,192,False,5281831,722,2106,0,text,para_3
12F,s,0,12,192,False,5281843,722,2106,0,text,para_3
12F,s,0,12,192,False,5281855,722,2105,0,text,para_3
12F,s,0,12,192,False,5281867,722,2105,0,text,para_3
12F,s,0,12,192,False,5281879,722,2105,0,text,para_3
12F,s,0,12,192,False,5281891,721,2106,0,text,para_3
12F,s,0,12,192,False,5281903,721,2104,0,text,para_3
12F,s,0,12,192,False,5281915,710,2114,0,text,para_3
12F,s,0,12,192,False,5281927,NaN,NaN,2,text,para_3
12F,s,0,12,192,False,5281939,NaN,NaN,0,text,para_3
12F,s,0,12,192,False,5281951,NaN,NaN,0,text,para_3
12F,s,0,12,192,False,5281963,NaN,NaN,0,none,none
12F,s,0,12,192,False,5281975,NaN,NaN,0,none,none
12F,s,0,12,192,False,5281987,NaN,NaN,0,none,none
12F,s,0,12,192,False,5281999,542,2341,1,none,none
12F,s,0,12,192,False,5282011,542,2340,0,none,none
12F,s,0,12,192,False,5282023,542,2339,0,none,none
12F,s,0,12,192,False,5282035,543,2340,0,none,none
12F,s,0,12,192,False,5282047,543,2340,0,none,none
12F,s,0,12,192,False,5282059,544,2340,0,none,none
12F,s,0,12,192,False,5282071,544,2340,0,none,none
12F,s,0,12,192,False,5282083,544,2339,0,none,none
12F,s,0,12,192,False,5282095,544,2339,0,none,none
12F,s,0,12,192,False,5282107,545,2339,0,none,none
12F,s,0,12,192,False,5282119,545,2339,0,none,none
12F,s,0,12,192,False,5282131,545,2340,0,none,none
12F,s,0,12,192,False,5282143,545,2340,0,none,none
12F,s,0,12,192,False,5282155,544,2340,0,none,none
12F,s,0,12,192,False,5282167,545,2341,0,none,none
12F,s,0,12,192,False,5282179,519,2350,0,none,none
12F,s,0,12,192,False,5282191,NaN,NaN,2,none,none
12F,s,0,12,192,False,5282203,NaN,NaN,0,none,none
12F,s,0,12,192,False,5282215,NaN,NaN,0,none,none
12F,s,0,12,192,False,5282227,492,2394,1,media,James
12F,s,0,12,192,False,5282239,492,2426,0,media,James
12F,s,0,12,192,False,5282251,492,2460,0,media,James
12F,s,0,12,192,False,5282263,493,2493,0,media,James
12F,s,0,12,192,False,5282275,493,2494,0,media,James
12F,s,0,12,192,False,5282287,493,2560,0,media,James
12F,s,0,12,192,False,5282299,493,2560,0,media,James
12F,s,0,12,192,False,5282311,494,2593,0,media,James
12F,s,0,12,192,False,5282323,494,2592,0,media,James
12F,s,0,12,192,False,5282335,494,2591,0,media,James
12F,s,0,12,192,False,5282347,494,2590,0,media,James
12F,s,0,12,192,False,5282359,494,2590,0,media,James
12F,s,0,12,192,False,5282371,494,2588,0,media,James
12F,s,0,12,192,False,5282383,495,2587,0,media,James
12F,s,0,12,192,False,5282395,495,2586,0,media,James
12F,s,0,12,192,False,5282407,496,2586,0,media,James
12F,s,0,12,192,False,5282419,495,2585,0,media,James
12F,s,0,12,192,False,5282431,496,2585,0,media,James
12F,s,0,12,192,False,5282443,496,2585,0,media,James
12F,s,0,12,192,False,5282455,496,2585,0,media,James
12F,s,0,12,192,False,5282467,496,2584,0,media,James
12F,s,0,12,192,False,5282479,496,2584,0,media,James
12F,s,0,12,192,False,5282491,496,2585,0,media,James
12F,s,0,12,192,False,5282503,496,2584,0,media,James
12F,s,0,12,192,False,5282515,496,2584,0,media,James
12F,s,0,12,192,False,5282527,497,2585,0,media,James
12F,s,0,12,192,False,5282539,496,2584,0,media,James
12F,s,0,12,192,False,5282551,497,2585,0,media,James
12F,s,0,12,192,False,5282563,489,2628,0,media,James
12F,s,0,12,192,False,5282575,NaN,NaN,2,media,James
12F,s,0,12,192,False,5282587,NaN,NaN,0,none,none
12F,s,0,12,192,False,5282599,NaN,NaN,0,none,none
12F,s,0,12,192,False,5282611,NaN,NaN,0,none,none
12F,s,0,12,192,False,5282623,NaN,NaN,0,none,none
12F,s,0,12,192,False,5282635,464,2830,1,none,none
12F,s,0,12,192,False,5282647,464,2830,0,none,none
12F,s,0,12,192,False,5282659,464,2829,0,none,none
12F,s,0,12,192,False,5282671,464,2829,0,none,none
12F,s,0,12,192,False,5282683,464,2828,0,none,none
12F,s,0,12,192,False,5282695,464,2828,0,none,none
12F,s,0,12,192,False,5282707,463,2828,0,none,none
12F,s,0,12,192,False,5282719,463,2828,0,none,none
12F,s,0,12,192,False,5282731,464,2828,0,none,none
12F,s,0,12,192,False,5282743,464,2827,0,none,none
12F,s,0,12,192,False,5282755,466,2828,0,none,none
12F,s,0,12,192,False,5282767,505,2825,0,none,none
12F,s,0,12,192,False,5282779,NaN,NaN,2,none,none
12F,s,0,12,192,False,5282791,NaN,NaN,0,none,none
12F,s,0,12,192,False,5282803,NaN,NaN,0,none,none
12F,s,0,12,192,False,5282815,NaN,NaN,0,none,none
12F,s,0,12,192,False,5282827,579,2823,1,none,none
12F,s,0,12,192,False,5282839,579,2822,0,none,none
12F,s,0,12,192,False,5282851,579,2821,0,none,none
12F,s,0,12,192,False,5282863,579,2854,0,none,none
12F,s,0,12,192,False,5282875,579,2888,0,text,para_4
12F,s,0,12,192,False,5282887,579,2888,0,text,para_4
12F,s,0,12,192,False,5282899,579,2920,0,text,para_4
12F,s,0,12,192,False,5282911,579,2954,0,text,para_4
12F,s,0,12,192,False,5282923,578,2952,0,text,para_4
12F,s,0,12,192,False,5282935,578,2985,0,text,para_4
12F,s,0,12,192,False,5282947,577,3019,0,text,para_4
12F,s,0,12,192,False,5282959,577,3051,0,text,para_4
12F,s,0,12,192,False,5282971,577,3050,0,text,para_4
12F,s,0,12,192,False,5282983,577,3049,0,text,para_4
12F,s,0,12,192,False,5282995,577,3048,0,text,para_4
12F,s,0,12,192,False,5283007,577,3079,0,text,para_4
12F,s,0,12,192,False,5283019,578,3080,0,text,para_4
12F,s,0,12,192,False,5283031,578,3078,0,text,para_4
12F,s,0,12,192,False,5283043,578,3076,0,text,para_4
12F,s,0,12,192,False,5283055,577,3075,0,text,para_4
12F,s,0,12,192,False,5283067,577,3074,0,text,para_4
12F,s,0,12,192,False,5283079,577,3074,0,text,para_4
12F,s,0,12,192,False,5283091,577,3072,0,text,para_4
12F,s,0,12,192,False,5283103,578,3071,0,text,para_4
12F,s,0,12,192,False,5283115,577,3071,0,text,para_4
12F,s,0,12,192,False,5283127,577,3071,0,text,para_4
12F,s,0,12,192,False,5283139,578,3070,0,text,para_4
12F,s,0,12,192,False,5283151,578,3067,0,text,para_4
12F,s,0,12,192,False,5283163,579,3061,0,text,para_4
12F,s,0,12,192,False,5283175,584,3043,0,text,para_4
12F,s,0,12,192,False,5283187,NaN,NaN,2,text,para_4
12F,s,0,12,192,False,5283199,NaN,NaN,0,none,none
12F,s,0,12,192,False,5283211,NaN,NaN,0,none,none
12F,s,0,12,192,False,5283223,NaN,NaN,0,none,none
12F,s,0,12,192,False,5283235,NaN,NaN,0,none,none
12F,s,0,12,192,False,5283247,NaN,NaN,0,none,none
12F,s,0,12,192,False,5283259,NaN,NaN,0,none,none
12F,s,0,12,192,False,5283271,NaN,NaN,0,none,none
12F,s,0,12,192,False,5283283,NaN,NaN,0,none,none
12F,s,0,12,192,False,5283295,NaN,NaN,0,none,none
12F,s,0,12,192,False,5283307,NaN,NaN,0,none,none
12F,s,0,12,192,False,5283319,NaN,NaN,0,none,none
12F,s,0,12,192,False,5283331,NaN,NaN,0,none,none
12F,s,0,12,192,False,5283343,NaN,NaN,0,text,para_4
12F,s,0,12,192,False,5283355,NaN,NaN,0,text,para_4
12F,s,0,12,192,False,5283367,NaN,NaN,0,none,none
12F,s,0,12,192,False,5283379,NaN,NaN,0,none,none
12F,s,0,12,192,False,5283391,NaN,NaN,0,none,none
12F,s,0,12,192,False,5283403,NaN,NaN,0,text,para_4
12F,s,0,12,192,False,5283415,NaN,NaN,0,text,para_4
12F,s,0,12,192,False,5283427,NaN,NaN,0,text,para_4
12F,s,0,12,192,False,5283439,415,2894,1,text,para_4
12F,s,0,12,192,False,5283451,416,2901,0,text,para_4
12F,s,0,12,192,False,5283463,418,2881,0,text,para_4
12F,s,0,12,192,False,5283475,NaN,NaN,2,none,none
12F,s,0,12,192,False,5283487,NaN,NaN,0,none,none
12F,s,0,12,192,False,5283499,NaN,NaN,0,none,none
12F,s,0,12,192,False,5283511,424,2855,1,none,none
12F,s,0,12,192,False,5283523,424,2854,0,none,none
12F,s,0,12,192,False,5283535,425,2855,0,none,none
12F,s,0,12,192,False,5283547,425,2856,0,none,none
12F,s,0,12,192,False,5283559,425,2856,0,none,none
12F,s,0,12,192,False,5283571,425,2855,0,none,none
12F,s,0,12,192,False,5283583,424,2854,0,none,none
12F,s,0,12,192,False,5283595,425,2854,0,none,none
12F,s,0,12,192,False,5283607,425,2854,0,none,none
12F,s,0,12,192,False,5283619,425,2855,0,none,none
12F,s,0,12,192,False,5283631,425,2854,0,none,none
12F,s,0,12,192,False,5283643,431,2855,0,none,none
12F,s,0,12,192,False,5283655,NaN,NaN,2,none,none
12F,s,0,12,192,False,5283667,NaN,NaN,0,none,none
12F,s,0,12,192,False,5283679,NaN,NaN,0,none,none
12F,s,0,12,192,False,5283691,NaN,NaN,0,none,none
12F,s,0,12,192,False,5283703,512,2846,1,none,none
12F,s,0,12,192,False,5283715,513,2879,0,text,para_4
12F,s,0,12,192,False,5283727,513,2880,0,text,para_4
12F,s,0,12,192,False,5283739,514,2881,0,text,para_4
12F,s,0,12,192,False,5283751,513,2881,0,text,para_4
12F,s,0,12,192,False,5283763,513,2879,0,text,para_4
12F,s,0,12,192,False,5283775,513,2879,0,text,para_4
12F,s,0,12,192,False,5283787,513,2879,0,text,para_4
12F,s,0,12,192,False,5283799,514,2880,0,text,para_4
12F,s,0,12,192,False,5283811,513,2879,0,text,para_4
12F,s,0,12,192,False,5283823,513,2879,0,text,para_4
12F,s,0,12,192,False,5283835,512,2878,0,text,para_4
12F,s,0,12,192,False,5283847,512,2878,0,text,para_4
12F,s,0,12,192,False,5283859,512,2876,0,text,para_4
12F,s,0,12,192,False,5283871,512,2876,0,text,para_4
12F,s,0,12,192,False,5283883,513,2876,0,text,para_4
12F,s,0,12,192,False,5283895,512,2876,0,text,para_4
12F,s,0,12,192,False,5283907,513,2876,0,text,para_4
12F,s,0,12,192,False,5283919,478,2881,0,text,para_4
12F,s,0,12,192,False,5283931,NaN,NaN,2,text,para_4
12F,s,0,12,192,False,5283943,NaN,NaN,0,text,para_4
12F,s,0,12,192,False,5283955,NaN,NaN,0,text,para_4
12F,s,0,12,192,False,5283967,NaN,NaN,0,text,para_4
12F,s,0,12,192,False,5283979,416,2946,1,text,para_4
12F,s,0,12,192,False,5283991,417,2945,0,text,para_4
12F,s,0,12,192,False,5284003,417,2945,0,text,para_4
12F,s,0,12,192,False,5284015,418,2978,0,text,para_4
12F,s,0,12,192,False,5284027,418,2975,0,text,para_4
12F,s,0,12,192,False,5284039,418,2975,0,text,para_4
12F,s,0,12,192,False,5284051,418,2975,0,text,para_4
12F,s,0,12,192,False,5284063,419,2975,0,text,para_4
12F,s,0,12,192,False,5284075,419,2974,0,text,para_4
12F,s,0,12,192,False,5284087,419,2972,0,text,para_4
12F,s,0,12,192,False,5284099,419,3004,0,text,para_4
12F,s,0,12,192,False,5284111,420,3003,0,text,para_4
12F,s,0,12,192,False,5284123,420,3001,0,text,para_4
12F,s,0,12,192,False,5284135,420,2957,0,text,para_4
12F,s,0,12,192,False,5284147,NaN,NaN,2,text,para_4
12F,s,0,12,192,False,5284159,NaN,NaN,0,text,para_4
12F,s,0,12,192,False,5284171,NaN,NaN,0,text,para_4
12F,s,0,12,192,False,5284183,421,2888,1,text,para_4
12F,s,0,12,192,False,5284195,422,2888,0,text,para_4
12F,s,0,12,192,False,5284207,422,2888,0,text,para_4
12F,s,0,12,192,False,5284219,421,2888,0,text,para_4
12F,s,0,12,192,False,5284231,421,2886,0,text,para_4
12F,s,0,12,192,False,5284243,421,2885,0,text,para_4
12F,s,0,12,192,False,5284255,406,2854,0,none,none
12F,s,0,12,192,False,5284267,NaN,NaN,2,none,none
12F,s,0,12,192,False,5284279,NaN,NaN,0,none,none
12F,s,0,12,192,False,5284291,401,2840,1,none,none
12F,s,0,12,192,False,5284303,401,2840,0,none,none
12F,s,0,12,192,False,5284315,401,2839,0,none,none
12F,s,0,12,192,False,5284327,401,2840,0,none,none
12F,s,0,12,192,False,5284339,401,2839,0,none,none
12F,s,0,12,192,False,5284351,401,2839,0,none,none
12F,s,0,12,192,False,5284363,401,2839,0,none,none
12F,s,0,12,192,False,5284375,401,2839,0,none,none
12F,s,0,12,192,False,5284387,401,2840,0,none,none
12F,s,0,12,192,False,5284399,401,2839,0,none,none
12F,s,0,12,192,False,5284411,402,2838,0,none,none
12F,s,0,12,192,False,5284423,402,2838,0,none,none
12F,s,0,12,192,False,5284435,402,2838,0,none,none
12F,s,0,12,192,False,5284447,402,2837,0,none,none
12F,s,0,12,192,False,5284459,411,2838,0,none,none
12F,s,0,12,192,False,5284471,NaN,NaN,2,none,none
12F,s,0,12,192,False,5284483,NaN,NaN,0,none,none
12F,s,0,12,192,False,5284495,NaN,NaN,0,none,none
12F,s,0,12,192,False,5284507,439,2840,1,none,none
12F,s,0,12,192,False,5284519,439,2839,0,none,none
12F,s,0,12,192,False,5284531,438,2838,0,none,none
12F,s,0,12,192,False,5284543,438,2838,0,none,none
12F,s,0,12,192,False,5284555,438,2837,0,none,none
12F,s,0,12,192,False,5284567,438,2838,0,none,none
12F,s,0,12,192,False,5284579,438,2837,0,none,none
12F,s,0,12,192,False,5284591,438,2837,0,none,none
12F,s,0,12,192,False,5284603,437,2837,0,none,none
12F,s,0,12,192,False,5284615,438,2838,0,none,none
12F,s,0,12,192,False,5284627,438,2837,0,none,none
12F,s,0,12,192,False,5284639,439,2838,0,none,none
12F,s,0,12,192,False,5284651,439,2838,0,none,none
12F,s,0,12,192,False,5284663,439,2839,0,none,none
12F,s,0,12,192,False,5284675,439,2839,0,none,none
12F,s,0,12,192,False,5284687,439,2839,0,none,none
12F,s,0,12,192,False,5284699,439,2839,0,none,none
12F,s,0,12,192,False,5284711,439,2838,0,none,none
12F,s,0,12,192,False,5284723,433,2856,0,none,none
12F,s,0,12,192,False,5284735,NaN,NaN,2,text,para_4
12F,s,0,12,192,False,5284747,NaN,NaN,0,text,para_4
12F,s,0,12,192,False,5284759,NaN,NaN,0,text,para_4
12F,s,0,12,192,False,5284771,411,2928,1,text,para_4
12F,s,0,12,192,False,5284783,411,2929,0,text,para_4
12F,s,0,12,192,False,5284795,412,2928,0,text,para_4
12F,s,0,12,192,False,5284807,412,2928,0,text,para_4
12F,s,0,12,192,False,5284819,412,2927,0,text,para_4
12F,s,0,12,192,False,5284831,412,2928,0,text,para_4
12F,s,0,12,192,False,5284843,412,2927,0,text,para_4
12F,s,0,12,192,False,5284855,413,2927,0,text,para_4
12F,s,0,12,192,False,5284867,412,2926,0,text,para_4
12F,s,0,12,192,False,5284879,412,2926,0,text,para_4
12F,s,0,12,192,False,5284891,413,2925,0,text,para_4
12F,s,0,12,192,False,5284903,413,2926,0,text,para_4
12F,s,0,12,192,False,5284915,422,2926,0,text,para_4
12F,s,0,12,192,False,5284927,NaN,NaN,2,text,para_4
12F,s,0,12,192,False,5284939,NaN,NaN,0,text,para_4
12F,s,0,12,192,False,5284951,NaN,NaN,0,text,para_4
12F,s,0,12,192,False,5284963,NaN,NaN,0,text,para_4
12F,s,0,12,192,False,5284975,522,2935,1,text,para_4
12F,s,0,12,192,False,5284987,522,2935,0,text,para_4
12F,s,0,12,192,False,5284999,521,2935,0,text,para_4
12F,s,0,12,192,False,5285011,521,2935,0,text,para_4
12F,s,0,12,192,False,5285023,520,2935,0,text,para_4
12F,s,0,12,192,False,5285035,520,2936,0,text,para_4
12F,s,0,12,192,False,5285047,520,2937,0,text,para_4
12F,s,0,12,192,False,5285059,521,2936,0,text,para_4
12F,s,0,12,192,False,5285071,521,2935,0,text,para_4
12F,s,0,12,192,False,5285083,521,2968,0,text,para_4
12F,s,0,12,192,False,5285095,522,2969,0,text,para_4
12F,s,0,12,192,False,5285107,522,2969,0,text,para_4
12F,s,0,12,192,False,5285119,522,3004,0,text,para_4
12F,s,0,12,192,False,5285131,522,3036,0,text,para_4
12F,s,0,12,192,False,5285143,522,3101,0,text,para_4
12F,s,0,12,192,False,5285155,522,3102,0,text,para_4
12F,s,0,12,192,False,5285167,522,3134,0,text,para_4
12F,s,0,12,192,False,5285179,522,3133,0,text,para_4
12F,s,0,12,192,False,5285191,522,3132,0,text,para_4
12F,s,0,12,192,False,5285203,523,3164,0,text,para_4
12F,s,0,12,192,False,5285215,523,3162,0,text,para_4
12F,s,0,12,192,False,5285227,523,3161,0,text,para_4
12F,s,0,12,192,False,5285239,523,3158,0,text,para_4
12F,s,0,12,192,False,5285251,523,3157,0,text,para_4
12F,s,0,12,192,False,5285263,523,3156,0,text,para_4
12F,s,0,12,192,False,5285275,523,3154,0,text,para_4
12F,s,0,12,192,False,5285287,523,3153,0,text,para_4
12F,s,0,12,192,False,5285299,522,3153,0,text,para_4
12F,s,0,12,192,False,5285311,522,3154,0,text,para_4
12F,s,0,12,192,False,5285323,523,3153,0,text,para_4
12F,s,0,12,192,False,5285335,524,3151,0,text,para_4
12F,s,0,12,192,False,5285347,524,3151,0,text,para_4
12F,s,0,12,192,False,5285359,525,3151,0,text,para_4
12F,s,0,12,192,False,5285371,525,3150,0,text,para_4
12F,s,0,12,192,False,5285383,526,3150,0,text,para_4
12F,s,0,12,192,False,5285395,526,3151,0,text,para_4
12F,s,0,12,192,False,5285407,526,3151,0,text,para_4
12F,s,0,12,192,False,5285419,526,3151,0,text,para_4
12F,s,0,12,192,False,5285431,525,3151,0,text,para_4
12F,s,0,12,192,False,5285443,525,3150,0,text,para_4
12F,s,0,12,192,False,5285455,525,3151,0,text,para_4
12F,s,0,12,192,False,5285467,525,3151,0,text,para_4
12F,s,0,12,192,False,5285479,540,3151,0,text,para_4
12F,s,0,12,192,False,5285491,NaN,NaN,2,text,para_4
12F,s,0,12,192,False,5285503,NaN,NaN,0,text,para_4
12F,s,0,12,192,False,5285515,NaN,NaN,0,text,para_4
12F,s,0,12,192,False,5285527,NaN,NaN,0,text,para_4
12F,s,0,12,192,False,5285539,NaN,NaN,0,text,para_4
12F,s,0,12,192,False,5285551,745,3152,1,text,para_4
12F,s,0,12,192,False,5285563,744,3152,0,text,para_4
12F,s,0,12,192,False,5285575,744,3152,0,text,para_4
12F,s,0,12,192,False,5285587,745,3152,0,text,para_4
12F,s,0,12,192,False,5285599,744,3152,0,text,para_4
12F,s,0,12,192,False,5285611,743,3151,0,text,para_4
12F,s,0,12,192,False,5285623,744,3152,0,text,para_4
12F,s,0,12,192,False,5285635,744,3152,0,text,para_4
12F,s,0,12,192,False,5285647,744,3152,0,text,para_4
12F,s,0,12,192,False,5285659,744,3152,0,text,para_4
12F,s,0,12,192,False,5285671,743,3152,0,text,para_4
12F,s,0,12,192,False,5285683,744,3152,0,text,para_4
12F,s,0,12,192,False,5285695,743,3153,0,text,para_4
12F,s,0,12,192,False,5285707,743,3152,0,text,para_4
12F,s,0,12,192,False,5285719,743,3152,0,text,para_4
12F,s,0,12,192,False,5285731,743,3188,0,text,para_4
12F,s,0,12,192,False,5285743,743,3188,0,text,para_4
12F,s,0,12,192,False,5285755,729,3218,0,text,para_4
12F,s,0,12,192,False,5285767,NaN,NaN,2,text,para_4
12F,s,0,12,192,False,5285779,NaN,NaN,0,none,none
12F,s,0,12,192,False,5285791,NaN,NaN,0,none,none
12F,s,0,12,192,False,5285803,NaN,NaN,0,media,Scottish_Parliament
12F,s,0,12,192,False,5285815,NaN,NaN,0,media,Scottish_Parliament
12F,s,0,12,192,False,5285827,561,3586,1,media,Scottish_Parliament
12F,s,0,12,192,False,5285839,561,3584,0,media,Scottish_Parliament
12F,s,0,12,192,False,5285851,562,3584,0,media,Scottish_Parliament
12F,s,0,12,192,False,5285863,562,3583,0,media,Scottish_Parliament
12F,s,0,12,192,False,5285875,562,3614,0,media,Scottish_Parliament
12F,s,0,12,192,False,5285887,563,3612,0,media,Scottish_Parliament
12F,s,0,12,192,False,5285899,563,3611,0,media,Scottish_Parliament
12F,s,0,12,192,False,5285911,563,3608,0,media,Scottish_Parliament
12F,s,0,12,192,False,5285923,563,3607,0,media,Scottish_Parliament
12F,s,0,12,192,False,5285935,564,3606,0,media,Scottish_Parliament
12F,s,0,12,192,False,5285947,566,3606,0,media,Scottish_Parliament
12F,s,0,12,192,False,5285959,565,3605,0,media,Scottish_Parliament
12F,s,0,12,192,False,5285971,565,3606,0,media,Scottish_Parliament
12F,s,0,12,192,False,5285983,564,3604,0,media,Scottish_Parliament
12F,s,0,12,192,False,5285995,565,3605,0,media,Scottish_Parliament
12F,s,0,12,192,False,5286007,564,3605,0,media,Scottish_Parliament
12F,s,0,12,192,False,5286019,565,3605,0,media,Scottish_Parliament
12F,s,0,12,192,False,5286031,565,3605,0,media,Scottish_Parliament
12F,s,0,12,192,False,5286043,566,3606,0,media,Scottish_Parliament
12F,s,0,12,192,False,5286055,566,3607,0,media,Scottish_Parliament
12F,s,0,12,192,False,5286067,547,3640,0,media,Scottish_Parliament
12F,s,0,12,192,False,5286079,NaN,NaN,2,none,none
12F,s,0,12,192,False,5286091,NaN,NaN,0,none,none
12F,s,0,12,192,False,5286103,NaN,NaN,0,none,none
12F,s,0,12,192,False,5286115,NaN,NaN,0,none,none
12F,s,0,12,192,False,5286127,454,3731,1,none,none
12F,s,0,12,192,False,5286139,455,3732,0,none,none
12F,s,0,12,192,False,5286151,455,3732,0,none,none
12F,s,0,12,192,False,5286163,456,3731,0,none,none
12F,s,0,12,192,False,5286175,456,3731,0,none,none
12F,s,0,12,192,False,5286187,456,3731,0,none,none
12F,s,0,12,192,False,5286199,455,3731,0,none,none
12F,s,0,12,192,False,5286211,455,3764,0,none,none
12F,s,0,12,192,False,5286223,456,3764,0,none,none
12F,s,0,12,192,False,5286235,456,3763,0,none,none
12F,s,0,12,192,False,5286247,457,3797,0,none,none
12F,s,0,12,192,False,5286259,456,3829,0,none,none
12F,s,0,12,192,False,5286271,456,3830,0,none,none
12F,s,0,12,192,False,5286283,457,3863,0,none,none
12F,s,0,12,192,False,5286295,437,3862,0,none,none
12F,s,0,12,192,False,5286307,NaN,NaN,2,none,none
12F,s,0,12,192,False,5286319,NaN,NaN,0,none,none
12F,s,0,12,192,False,5286331,433,3861,1,none,none
12F,s,0,12,192,False,5286343,433,3859,0,none,none
12F,s,0,12,192,False,5286355,434,3859,0,none,none
12F,s,0,12,192,False,5286367,434,3856,0,none,none
12F,s,0,12,192,False,5286379,434,3853,0,none,none
12F,s,0,12,192,False,5286391,434,3849,0,none,none
12F,s,0,12,192,False,5286403,435,3848,0,none,none
12F,s,0,12,192,False,5286415,434,3835,0,none,none
12F,s,0,12,192,False,5286427,465,3791,0,none,none
12F,s,0,12,192,False,5286439,NaN,NaN,2,none,none
12F,s,0,12,192,False,5286451,NaN,NaN,0,none,none
12F,s,0,12,192,False,5286463,NaN,NaN,0,none,none
12F,s,0,12,192,False,5286475,NaN,NaN,0,none,none
12F,s,0,12,192,False,5286487,NaN,NaN,0,none,none
12F,s,0,12,192,False,5286499,NaN,NaN,0,none,none
12F,s,0,12,192,False,5286511,NaN,NaN,0,none,none
12F,s,0,12,192,False,5286523,NaN,NaN,0,none,none
12F,s,0,12,192,False,5286535,NaN,NaN,0,none,none
12F,s,0,12,192,False,5286679,NaN,NaN,0,none,none
12F,s,0,12,192,False,5286691,NaN,NaN,0,none,none
12F,s,0,12,192,False,5286703,NaN,NaN,0,none,none
12F,s,0,12,192,False,5286715,NaN,NaN,0,none,none
12F,s,0,12,192,False,5286727,NaN,NaN,0,none,none
12F,s,0,12,192,False,5286739,NaN,NaN,0,none,none
12F,s,0,12,192,False,5286751,NaN,NaN,0,none,none
12F,s,0,12,192,False,5286763,NaN,NaN,0,none,none
12F,s,0,12,192,False,5286775,214,3832,1,none,none
12F,s,0,12,192,False,5286787,214,3844,0,none,none
12F,s,0,12,192,False,5286799,214,3849,0,none,none
12F,s,0,12,192,False,5286811,215,3850,0,none,none
12F,s,0,12,192,False,5286823,217,3850,0,none,none
12F,s,0,12,192,False,5286835,217,3849,0,none,none
12F,s,0,12,192,False,5286847,216,3849,0,none,none
12F,s,0,12,192,False,5286859,216,3839,0,none,none
12F,s,0,12,192,False,5286871,217,3845,0,none,none
12F,s,0,12,192,False,5286883,217,3839,0,none,none
12F,s,0,12,192,False,5286895,217,3845,0,none,none
12F,s,0,12,192,False,5286907,216,3847,0,none,none
12F,s,0,12,192,False,5286919,216,3832,0,none,none
12F,s,0,12,192,False,5286931,215,3848,0,none,none
12F,s,0,12,192,False,5286943,NaN,NaN,2,none,none
12F,s,0,12,192,False,5286955,NaN,NaN,0,none,none
12F,s,0,12,192,False,5286967,216,3844,1,none,none
12F,s,0,12,192,False,5286979,215,3849,0,none,none
12F,s,0,12,192,False,5286991,216,3851,0,none,none
12F,s,0,12,192,False,5287003,215,3852,0,none,none
12F,s,0,12,192,False,5287015,196,3842,0,none,none
12F,s,0,12,192,False,5287027,NaN,NaN,2,none,none
12F,s,0,12,192,False,5287039,NaN,NaN,0,none,none
12F,s,0,12,192,False,5287051,NaN,NaN,0,none,none
12F,s,0,12,192,False,5287063,151,3846,1,none,none
12F,s,0,12,192,False,5287075,151,3849,0,none,none
12F,s,0,12,192,False,5287087,151,3848,0,none,none
12F,s,0,12,192,False,5287099,152,3848,0,none,none
12F,s,0,12,192,False,5287111,152,3850,0,none,none
12F,s,0,12,192,False,5287123,151,3850,0,none,none
12F,s,0,12,192,False,5287135,151,3850,0,none,none
12F,s,0,12,192,False,5287147,150,3852,0,none,none
12F,s,0,12,192,False,5287159,152,3851,0,none,none
12F,s,0,12,192,False,5287171,152,3851,0,none,none
12F,s,0,12,192,False,5287183,153,3850,0,none,none
12F,s,0,12,192,False,5287195,153,3852,0,none,none
12F,s,0,12,192,False,5287207,154,3850,0,none,none
12F,s,0,12,192,False,5287219,154,3851,0,none,none
12F,s,0,12,192,False,5287231,156,3852,0,none,none
12F,s,0,12,192,False,5287243,211,3861,0,none,none
12F,s,0,12,192,False,5287255,NaN,NaN,2,none,none
12F,s,0,12,192,False,5287267,NaN,NaN,0,none,none
12F,s,0,12,192,False,5287279,NaN,NaN,0,none,none
12F,s,0,12,192,False,5287291,NaN,NaN,0,none,none
12F,s,0,12,192,False,5287303,NaN,NaN,0,none,none
12F,s,0,12,192,False,5287315,NaN,NaN,0,none,none
12F,s,0,12,192,False,5287327,NaN,NaN,0,none,none
12F,s,0,12,192,False,5287339,NaN,NaN,0,none,none
12F,s,0,12,192,False,5287351,852,3808,1,none,none
12F,s,0,12,192,False,5287363,851,3808,0,none,none
12F,s,0,12,192,False,5287375,850,3808,0,none,none
12F,s,0,12,192,False,5287387,850,3809,0,none,none
12F,s,0,12,192,False,5287399,850,3808,0,none,none
12F,s,0,12,192,False,5287411,850,3807,0,none,none
12F,s,0,12,192,False,5287423,851,3806,0,none,none
12F,s,0,12,192,False,5287435,850,3806,0,none,none
12F,s,0,12,192,False,5287447,850,3805,0,none,none
12F,s,0,12,192,False,5287459,849,3805,0,none,none
12F,s,0,12,192,False,5287471,850,3804,0,none,none
12F,s,0,12,192,False,5287483,850,3803,0,none,none
12F,s,0,12,192,False,5287495,851,3805,0,none,none
12F,s,0,12,192,False,5287507,851,3804,0,none,none
12F,s,0,12,192,False,5287519,851,3805,0,none,none
12F,s,0,12,192,False,5287531,851,3805,0,none,none
12F,s,0,12,192,False,5287543,850,3804,0,none,none
12F,s,0,12,192,False,5287555,851,3805,0,none,none
12F,s,0,12,192,False,5287567,851,3805,0,none,none
12F,s,0,12,192,False,5287579,851,3804,0,none,none
12F,s,0,12,192,False,5287591,851,3805,0,none,none
12F,s,0,12,192,False,5287603,840,3805,0,none,none
12F,s,0,12,192,False,5287615,NaN,NaN,2,none,none
12F,s,0,12,192,False,5287627,NaN,NaN,0,none,none
12F,s,0,12,192,False,5287639,NaN,NaN,0,none,none
12F,s,0,12,192,False,5287651,804,3812,1,none,none
12F,s,0,12,192,False,5287663,804,3813,0,none,none
12F,s,0,12,192,False,5287675,804,3812,0,none,none
12F,s,0,12,192,False,5287687,804,3811,0,none,none
12F,s,0,12,192,False,5287699,805,3809,0,none,none
12F,s,0,12,192,False,5287711,805,3808,0,none,none
12F,s,0,12,192,False,5287723,806,3806,0,none,none
12F,s,0,12,192,False,5287735,820,3776,0,none,none
12F,s,0,12,192,False,5287891,NaN,NaN,2,none,none
12F,s,0,12,192,False,5287903,NaN,NaN,0,none,none
12F,s,0,12,192,False,5287915,NaN,NaN,0,none,none
12F,s,0,12,192,False,5287927,NaN,NaN,0,none,none
12F,s,0,12,192,False,5287939,NaN,NaN,0,none,none
12F,s,0,12,192,False,5287951,NaN,NaN,0,none,none
12F,s,0,12,192,False,5287963,NaN,NaN,0,none,none
12F,s,0,12,192,False,5287975,NaN,NaN,0,none,none
12F,s,0,12,192,False,5287987,NaN,NaN,0,none,none
12F,s,0,12,192,False,5287999,NaN,NaN,0,none,none
12F,s,0,12,192,False,5288011,NaN,NaN,0,none,none
12F,s,0,12,192,False,5288023,NaN,NaN,0,none,none
12F,s,0,12,192,False,5288035,NaN,NaN,0,none,none
12F,s,0,12,192,False,5288047,NaN,NaN,0,none,none
12F,s,0,12,192,False,5288059,NaN,NaN,0,none,none
12F,s,0,12,192,False,5288071,NaN,NaN,0,none,none
12F,s,0,12,192,False,5288083,NaN,NaN,0,none,none
12F,s,0,12,192,False,5288095,NaN,NaN,0,none,none
12F,s,0,12,192,False,5288143,NaN,NaN,0,none,none
12F,s,0,12,192,False,5288155,NaN,NaN,0,media,Scottish_Parliament
12F,s,0,12,192,False,5288167,NaN,NaN,0,media,Scottish_Parliament
12F,s,0,12,192,False,5288179,NaN,NaN,0,media,Scottish_Parliament
12F,s,0,12,192,False,5288191,NaN,NaN,0,none,none
12F,s,0,12,192,False,5288203,NaN,NaN,0,none,none
12F,s,0,12,192,False,5288215,471,3695,1,none,none
12F,s,0,12,192,False,5288227,471,3696,0,none,none
12F,s,0,12,192,False,5288239,472,3694,0,none,none
12F,s,0,12,192,False,5288251,472,3694,0,none,none
12F,s,0,12,192,False,5288263,472,3695,0,none,none
12F,s,0,12,192,False,5288275,473,3696,0,none,none
12F,s,0,12,192,False,5288287,474,3695,0,none,none
12F,s,0,12,192,False,5288299,474,3696,0,none,none
12F,s,0,12,192,False,5288311,474,3696,0,none,none
12F,s,0,12,192,False,5288323,476,3697,0,none,none
12F,s,0,12,192,False,5288335,449,3719,0,none,none
12F,s,0,12,192,False,5288347,NaN,NaN,2,none,none
12F,s,0,12,192,False,5288359,NaN,NaN,0,none,none
12F,s,0,12,192,False,5288371,NaN,NaN,0,none,none
12F,s,0,12,192,False,5288383,432,3741,1,none,none
12F,s,0,12,192,False,5288395,432,3742,0,none,none
12F,s,0,12,192,False,5288407,433,3742,0,none,none
12F,s,0,12,192,False,5288419,432,3742,0,none,none
12F,s,0,12,192,False,5288431,432,3741,0,none,none
12F,s,0,12,192,False,5288443,433,3741,0,none,none
12F,s,0,12,192,False,5288455,433,3739,0,none,none
12F,s,0,12,192,False,5288467,433,3739,0,none,none
12F,s,0,12,192,False,5288479,433,3739,0,none,none
12F,s,0,12,192,False,5288491,396,3752,0,none,none
12F,s,0,12,192,False,5288503,NaN,NaN,2,none,none
12F,s,0,12,192,False,5288515,NaN,NaN,0,none,none
12F,s,0,12,192,False,5288527,NaN,NaN,0,none,none
12F,s,0,12,192,False,5288539,NaN,NaN,0,none,none
12F,s,0,12,192,False,5288551,NaN,NaN,0,none,none
12F,s,0,12,192,False,5288563,183,3856,1,none,none
12F,s,0,12,192,False,5288575,184,3856,0,none,none
12F,s,0,12,192,False,5288587,184,3856,0,none,none
12F,s,0,12,192,False,5288599,184,3855,0,none,none
12F,s,0,12,192,False,5288611,184,3854,0,none,none
12F,s,0,12,192,False,5288623,184,3855,0,none,none
12F,s,0,12,192,False,5288635,184,3853,0,none,none
12F,s,0,12,192,False,5288647,184,3853,0,none,none
12F,s,0,12,192,False,5288659,184,3854,0,none,none
12F,s,0,12,192,False,5288671,185,3854,0,none,none
12F,s,0,12,192,False,5288683,185,3854,0,none,none
12F,s,0,12,192,False,5288695,185,3854,0,none,none
12F,s,0,12,192,False,5288707,184,3854,0,none,none
12F,s,0,12,192,False,5288719,185,3856,0,none,none
12F,s,0,12,192,False,5288731,184,3856,0,none,none
12F,s,0,12,192,False,5288743,184,3856,0,none,none
12F,s,0,12,192,False,5288755,184,3857,0,none,none
12F,s,0,12,192,False,5288767,184,3857,0,none,none
12F,s,0,12,192,False,5288779,184,3857,0,none,none
12F,s,0,12,192,False,5288791,185,3857,0,none,none
12F,s,0,12,192,False,5288803,185,3857,0,none,none
12F,s,0,12,192,False,5288815,185,3857,0,none,none
12F,s,0,12,192,False,5288827,185,3857,0,none,none
12F,s,0,12,192,False,5288839,185,3857,0,none,none
12F,s,0,12,192,False,5288851,185,3858,0,none,none
12F,s,0,12,192,False,5288863,NaN,NaN,2,none,none

